,Method,R_e,A@e,RA@e,Run,n_clusters,algorithm,n_components,max info loss,gini,p value
0,RF,1,0.4066666666666667,1.0,1,,,,,,
1,RF,2,0.5333333333333333,1.2375,1,,,,,,
2,RF,3,0.6033333333333334,1.441988950276243,1,,,,,,
3,RF,4,0.6566666666666666,1.649746192893401,1,,,,,,
4,RF,5,0.6866666666666666,1.796116504854369,1,,,,,,
5,RF,6,0.72,1.9907407407407407,1,,,,,,
6,RF,7,0.7333333333333333,2.081818181818182,1,,,,,,
7,RF,8,0.7566666666666667,2.26431718061674,1,,,,,,
8,RF,9,0.7733333333333333,2.4094827586206895,1,,,,,,
9,RF,10,0.8,2.6625,1,,,,,,
10,KMeans,1,0.39,1.0,1,10.0,KMeans,,,,
11,KMeans,2,0.53,1.2641509433962264,1,10.0,KMeans,,,,
12,KMeans,3,0.5933333333333334,1.449438202247191,1,10.0,KMeans,,,,
13,KMeans,4,0.6733333333333333,1.7524752475247525,1,10.0,KMeans,,,,
14,KMeans,5,0.69,1.8309178743961352,1,10.0,KMeans,,,,
15,KMeans,6,0.7166666666666667,1.986046511627907,1,10.0,KMeans,,,,
16,KMeans,7,0.7566666666666667,2.251101321585903,1,10.0,KMeans,,,,
17,KMeans,8,0.7766666666666666,2.3991416309012874,1,10.0,KMeans,,,,
18,KMeans,9,0.8033333333333333,2.6182572614107884,1,10.0,KMeans,,,,
19,KMeans,10,0.8166666666666667,2.7387755102040816,1,10.0,KMeans,,,,
20,KMeans,1,0.4066666666666667,1.0,1,15.0,KMeans,,,,
21,KMeans,2,0.5333333333333333,1.2375,1,15.0,KMeans,,,,
22,KMeans,3,0.63,1.507936507936508,1,15.0,KMeans,,,,
23,KMeans,4,0.6933333333333334,1.7355769230769231,1,15.0,KMeans,,,,
24,KMeans,5,0.7066666666666667,1.7971698113207548,1,15.0,KMeans,,,,
25,KMeans,6,0.74,1.9864864864864864,1,15.0,KMeans,,,,
26,KMeans,7,0.7666666666666667,2.1608695652173915,1,15.0,KMeans,,,,
27,KMeans,8,0.7866666666666666,2.309322033898305,1,15.0,KMeans,,,,
28,KMeans,9,0.8066666666666666,2.475206611570248,1,15.0,KMeans,,,,
29,KMeans,10,0.8366666666666667,2.745019920318725,1,15.0,KMeans,,,,
30,KMeans,1,0.4166666666666667,1.0,1,20.0,KMeans,,,,
31,KMeans,2,0.54,1.228395061728395,1,20.0,KMeans,,,,
32,KMeans,3,0.6266666666666667,1.4734042553191489,1,20.0,KMeans,,,,
33,KMeans,4,0.7033333333333334,1.7488151658767772,1,20.0,KMeans,,,,
34,KMeans,5,0.7366666666666667,1.8959276018099547,1,20.0,KMeans,,,,
35,KMeans,6,0.7766666666666666,2.107296137339056,1,20.0,KMeans,,,,
36,KMeans,7,0.8066666666666666,2.2892561983471076,1,20.0,KMeans,,,,
37,KMeans,8,0.8133333333333334,2.3360655737704916,1,20.0,KMeans,,,,
38,KMeans,9,0.8433333333333334,2.5731225296442686,1,20.0,KMeans,,,,
39,KMeans,10,0.8666666666666667,2.773076923076923,1,20.0,KMeans,,,,
40,KMeans,1,0.44,1.0,1,25.0,KMeans,,,,
41,KMeans,2,0.5466666666666666,1.1951219512195121,1,25.0,KMeans,,,,
42,KMeans,3,0.6233333333333333,1.4171122994652405,1,25.0,KMeans,,,,
43,KMeans,4,0.7066666666666667,1.721698113207547,1,25.0,KMeans,,,,
44,KMeans,5,0.76,1.9517543859649122,1,25.0,KMeans,,,,
45,KMeans,6,0.7933333333333333,2.1218487394957983,1,25.0,KMeans,,,,
46,KMeans,7,0.81,2.2222222222222223,1,25.0,KMeans,,,,
47,KMeans,8,0.8233333333333334,2.3157894736842106,1,25.0,KMeans,,,,
48,KMeans,9,0.8466666666666667,2.5,1,25.0,KMeans,,,,
49,KMeans,10,0.87,2.7011494252873565,1,25.0,KMeans,,,,
50,KMeans,1,0.44333333333333336,1.0,1,26.0,KMeans,,,,
51,KMeans,2,0.5833333333333334,1.24,1,26.0,KMeans,,,,
52,KMeans,3,0.66,1.4444444444444444,1,26.0,KMeans,,,,
53,KMeans,4,0.6966666666666667,1.5789473684210527,1,26.0,KMeans,,,,
54,KMeans,5,0.71,1.6431924882629108,1,26.0,KMeans,,,,
55,KMeans,6,0.7266666666666667,1.7431192660550459,1,26.0,KMeans,,,,
56,KMeans,7,0.7633333333333333,1.9956331877729259,1,26.0,KMeans,,,,
57,KMeans,8,0.7733333333333333,2.0732758620689653,1,26.0,KMeans,,,,
58,KMeans,9,0.8,2.3041666666666667,1,26.0,KMeans,,,,
59,KMeans,10,0.83,2.5823293172690764,1,26.0,KMeans,,,,
60,KMeans,1,0.42,1.0,1,30.0,KMeans,,,,
61,KMeans,2,0.5533333333333333,1.2409638554216869,1,30.0,KMeans,,,,
62,KMeans,3,0.66,1.5252525252525253,1,30.0,KMeans,,,,
63,KMeans,4,0.7233333333333334,1.7419354838709677,1,30.0,KMeans,,,,
64,KMeans,5,0.7366666666666667,1.8009049773755657,1,30.0,KMeans,,,,
65,KMeans,6,0.7666666666666667,1.9652173913043478,1,30.0,KMeans,,,,
66,KMeans,7,0.7966666666666666,2.1548117154811717,1,30.0,KMeans,,,,
67,KMeans,8,0.8166666666666667,2.2979591836734694,1,30.0,KMeans,,,,
68,KMeans,9,0.8333333333333334,2.432,1,30.0,KMeans,,,,
69,KMeans,10,0.87,2.7509578544061304,1,30.0,KMeans,,,,
70,KMeans,1,0.43333333333333335,1.0,1,35.0,KMeans,,,,
71,KMeans,2,0.56,1.2261904761904763,1,35.0,KMeans,,,,
72,KMeans,3,0.6633333333333333,1.5025125628140703,1,35.0,KMeans,,,,
73,KMeans,4,0.7033333333333334,1.6445497630331753,1,35.0,KMeans,,,,
74,KMeans,5,0.7233333333333334,1.737327188940092,1,35.0,KMeans,,,,
75,KMeans,6,0.7466666666666667,1.8705357142857142,1,35.0,KMeans,,,,
76,KMeans,7,0.77,2.0259740259740258,1,35.0,KMeans,,,,
77,KMeans,8,0.78,2.1025641025641026,1,35.0,KMeans,,,,
78,KMeans,9,0.8066666666666666,2.330578512396694,1,35.0,KMeans,,,,
79,KMeans,10,0.8233333333333334,2.48582995951417,1,35.0,KMeans,,,,
80,KMeans,1,0.44333333333333336,1.0,1,40.0,KMeans,,,,
81,KMeans,2,0.57,1.2222222222222223,1,40.0,KMeans,,,,
82,KMeans,3,0.66,1.4646464646464648,1,40.0,KMeans,,,,
83,KMeans,4,0.7166666666666667,1.6651162790697673,1,40.0,KMeans,,,,
84,KMeans,5,0.7433333333333333,1.7847533632286996,1,40.0,KMeans,,,,
85,KMeans,6,0.7666666666666667,1.9130434782608696,1,40.0,KMeans,,,,
86,KMeans,7,0.7766666666666666,1.9785407725321889,1,40.0,KMeans,,,,
87,KMeans,8,0.7966666666666666,2.1297071129707112,1,40.0,KMeans,,,,
88,KMeans,9,0.8166666666666667,2.2979591836734694,1,40.0,KMeans,,,,
89,KMeans,10,0.8333333333333334,2.452,1,40.0,KMeans,,,,
90,KMeans,1,0.43333333333333335,1.0,1,45.0,KMeans,,,,
91,KMeans,2,0.5533333333333333,1.216867469879518,1,45.0,KMeans,,,,
92,KMeans,3,0.6233333333333333,1.4171122994652405,1,45.0,KMeans,,,,
93,KMeans,4,0.6666666666666666,1.585,1,45.0,KMeans,,,,
94,KMeans,5,0.7166666666666667,1.8232558139534885,1,45.0,KMeans,,,,
95,KMeans,6,0.76,2.06140350877193,1,45.0,KMeans,,,,
96,KMeans,7,0.79,2.2489451476793247,1,45.0,KMeans,,,,
97,KMeans,8,0.8233333333333334,2.4817813765182186,1,45.0,KMeans,,,,
98,KMeans,9,0.84,2.611111111111111,1,45.0,KMeans,,,,
99,KMeans,10,0.8466666666666667,2.6692913385826773,1,45.0,KMeans,,,,
100,KMeans,1,0.44666666666666666,1.0,1,50.0,KMeans,,,,
101,KMeans,2,0.58,1.2298850574712643,1,50.0,KMeans,,,,
102,KMeans,3,0.6733333333333333,1.4752475247524752,1,50.0,KMeans,,,,
103,KMeans,4,0.7166666666666667,1.627906976744186,1,50.0,KMeans,,,,
104,KMeans,5,0.7533333333333333,1.7920353982300885,1,50.0,KMeans,,,,
105,KMeans,6,0.7866666666666666,1.9703389830508475,1,50.0,KMeans,,,,
106,KMeans,7,0.8,2.0541666666666667,1,50.0,KMeans,,,,
107,KMeans,8,0.82,2.1991869918699187,1,50.0,KMeans,,,,
108,KMeans,9,0.8333333333333334,2.308,1,50.0,KMeans,,,,
109,KMeans,10,0.85,2.458823529411765,1,50.0,KMeans,,,,
110,Birch,1,0.4,1.0,1,10.0,Birch,,,,
111,Birch,2,0.55,1.2727272727272727,1,10.0,Birch,,,,
112,Birch,3,0.62,1.467741935483871,1,10.0,Birch,,,,
113,Birch,4,0.6666666666666666,1.645,1,10.0,Birch,,,,
114,Birch,5,0.6966666666666667,1.7894736842105263,1,10.0,Birch,,,,
115,Birch,6,0.71,1.8685446009389672,1,10.0,Birch,,,,
116,Birch,7,0.75,2.1422222222222222,1,10.0,Birch,,,,
117,Birch,8,0.77,2.294372294372294,1,10.0,Birch,,,,
118,Birch,9,0.7933333333333333,2.491596638655462,1,10.0,Birch,,,,
119,Birch,10,0.81,2.646090534979424,1,10.0,Birch,,,,
120,Birch,1,0.4066666666666667,1.0,1,15.0,Birch,,,,
121,Birch,2,0.5633333333333334,1.2781065088757397,1,15.0,Birch,,,,
122,Birch,3,0.6333333333333333,1.4684210526315788,1,15.0,Birch,,,,
123,Birch,4,0.68,1.642156862745098,1,15.0,Birch,,,,
124,Birch,5,0.71,1.784037558685446,1,15.0,Birch,,,,
125,Birch,6,0.72,1.8425925925925926,1,15.0,Birch,,,,
126,Birch,7,0.7666666666666667,2.1565217391304348,1,15.0,Birch,,,,
127,Birch,8,0.7866666666666666,2.305084745762712,1,15.0,Birch,,,,
128,Birch,9,0.8,2.4166666666666665,1,15.0,Birch,,,,
129,Birch,10,0.8266666666666667,2.661290322580645,1,15.0,Birch,,,,
130,Birch,1,0.42333333333333334,1.0,1,20.0,Birch,,,,
131,Birch,2,0.56,1.244047619047619,1,20.0,Birch,,,,
132,Birch,3,0.64,1.4635416666666667,1,20.0,Birch,,,,
133,Birch,4,0.68,1.6127450980392157,1,20.0,Birch,,,,
134,Birch,5,0.7033333333333334,1.7251184834123223,1,20.0,Birch,,,,
135,Birch,6,0.7133333333333334,1.7850467289719627,1,20.0,Birch,,,,
136,Birch,7,0.76,2.1052631578947367,1,20.0,Birch,,,,
137,Birch,8,0.7733333333333333,2.206896551724138,1,20.0,Birch,,,,
138,Birch,9,0.7933333333333333,2.3781512605042017,1,20.0,Birch,,,,
139,Birch,10,0.8233333333333334,2.6558704453441297,1,20.0,Birch,,,,
140,Birch,1,0.43333333333333335,1.0,1,25.0,Birch,,,,
141,Birch,2,0.56,1.2261904761904763,1,25.0,Birch,,,,
142,Birch,3,0.6366666666666667,1.4397905759162304,1,25.0,Birch,,,,
143,Birch,4,0.6933333333333334,1.6490384615384615,1,25.0,Birch,,,,
144,Birch,5,0.7233333333333334,1.7880184331797235,1,25.0,Birch,,,,
145,Birch,6,0.7466666666666667,1.9196428571428572,1,25.0,Birch,,,,
146,Birch,7,0.7733333333333333,2.0948275862068964,1,25.0,Birch,,,,
147,Birch,8,0.7933333333333333,2.2436974789915967,1,25.0,Birch,,,,
148,Birch,9,0.8166666666666667,2.436734693877551,1,25.0,Birch,,,,
149,Birch,10,0.84,2.6468253968253967,1,25.0,Birch,,,,
150,Birch,1,0.43,1.0,1,26.0,Birch,,,,
151,Birch,2,0.5533333333333333,1.2228915662650603,1,26.0,Birch,,,,
152,Birch,3,0.6266666666666667,1.4308510638297873,1,26.0,Birch,,,,
153,Birch,4,0.6833333333333333,1.6439024390243901,1,26.0,Birch,,,,
154,Birch,5,0.7166666666666667,1.8,1,26.0,Birch,,,,
155,Birch,6,0.7433333333333333,1.9506726457399104,1,26.0,Birch,,,,
156,Birch,7,0.77,2.1255411255411256,1,26.0,Birch,,,,
157,Birch,8,0.79,2.2742616033755274,1,26.0,Birch,,,,
158,Birch,9,0.8166666666666667,2.4938775510204083,1,26.0,Birch,,,,
159,Birch,10,0.8433333333333334,2.731225296442688,1,26.0,Birch,,,,
160,Birch,1,0.43666666666666665,1.0,1,30.0,Birch,,,,
161,Birch,2,0.5466666666666666,1.201219512195122,1,30.0,Birch,,,,
162,Birch,3,0.6233333333333333,1.4224598930481283,1,30.0,Birch,,,,
163,Birch,4,0.6933333333333334,1.6826923076923077,1,30.0,Birch,,,,
164,Birch,5,0.7233333333333334,1.8202764976958525,1,30.0,Birch,,,,
165,Birch,6,0.74,1.9144144144144144,1,30.0,Birch,,,,
166,Birch,7,0.7666666666666667,2.091304347826087,1,30.0,Birch,,,,
167,Birch,8,0.7866666666666666,2.2415254237288136,1,30.0,Birch,,,,
168,Birch,9,0.8133333333333334,2.4631147540983607,1,30.0,Birch,,,,
169,Birch,10,0.84,2.7023809523809526,1,30.0,Birch,,,,
170,Birch,1,0.45,1.0,1,35.0,Birch,,,,
171,Birch,2,0.5633333333333334,1.2011834319526626,1,35.0,Birch,,,,
172,Birch,3,0.6433333333333333,1.4248704663212435,1,35.0,Birch,,,,
173,Birch,4,0.6933333333333334,1.6105769230769231,1,35.0,Birch,,,,
174,Birch,5,0.7266666666666667,1.7660550458715596,1,35.0,Birch,,,,
175,Birch,6,0.7433333333333333,1.8609865470852018,1,35.0,Birch,,,,
176,Birch,7,0.77,2.038961038961039,1,35.0,Birch,,,,
177,Birch,8,0.7866666666666666,2.1652542372881354,1,35.0,Birch,,,,
178,Birch,9,0.8133333333333334,2.389344262295082,1,35.0,Birch,,,,
179,Birch,10,0.8433333333333334,2.6600790513833994,1,35.0,Birch,,,,
180,Birch,1,0.44333333333333336,1.0,1,40.0,Birch,,,,
181,Birch,2,0.57,1.2222222222222223,1,40.0,Birch,,,,
182,Birch,3,0.6433333333333333,1.4248704663212435,1,40.0,Birch,,,,
183,Birch,4,0.6933333333333334,1.6105769230769231,1,40.0,Birch,,,,
184,Birch,5,0.7333333333333333,1.7954545454545454,1,40.0,Birch,,,,
185,Birch,6,0.75,1.8888888888888888,1,40.0,Birch,,,,
186,Birch,7,0.7733333333333333,2.043103448275862,1,40.0,Birch,,,,
187,Birch,8,0.79,2.168776371308017,1,40.0,Birch,,,,
188,Birch,9,0.8166666666666667,2.3918367346938774,1,40.0,Birch,,,,
189,Birch,10,0.8433333333333334,2.632411067193676,1,40.0,Birch,,,,
190,Birch,1,0.44333333333333336,1.0,1,45.0,Birch,,,,
191,Birch,2,0.56,1.2083333333333333,1,45.0,Birch,,,,
192,Birch,3,0.6366666666666667,1.4240837696335078,1,45.0,Birch,,,,
193,Birch,4,0.6933333333333334,1.6346153846153846,1,45.0,Birch,,,,
194,Birch,5,0.7266666666666667,1.7889908256880733,1,45.0,Birch,,,,
195,Birch,6,0.7433333333333333,1.883408071748879,1,45.0,Birch,,,,
196,Birch,7,0.77,2.0606060606060606,1,45.0,Birch,,,,
197,Birch,8,0.7866666666666666,2.1864406779661016,1,45.0,Birch,,,,
198,Birch,9,0.8133333333333334,2.4098360655737703,1,45.0,Birch,,,,
199,Birch,10,0.8433333333333334,2.6798418972332017,1,45.0,Birch,,,,
200,Birch,1,0.46,1.0,1,50.0,Birch,,,,
201,Birch,2,0.5733333333333334,1.197674418604651,1,50.0,Birch,,,,
202,Birch,3,0.65,1.4102564102564104,1,50.0,Birch,,,,
203,Birch,4,0.69,1.5603864734299517,1,50.0,Birch,,,,
204,Birch,5,0.74,1.7927927927927927,1,50.0,Birch,,,,
205,Birch,6,0.7566666666666667,1.8854625550660793,1,50.0,Birch,,,,
206,Birch,7,0.7766666666666666,2.017167381974249,1,50.0,Birch,,,,
207,Birch,8,0.7933333333333333,2.142857142857143,1,50.0,Birch,,,,
208,Birch,9,0.82,2.3658536585365852,1,50.0,Birch,,,,
209,Birch,10,0.8466666666666667,2.606299212598425,1,50.0,Birch,,,,
210,GMM,1,0.23666666666666666,1.0,1,,GMM,10.0,,,
211,GMM,2,0.31333333333333335,1.2446808510638299,1,,GMM,10.0,,,
212,GMM,3,0.37,1.5135135135135136,1,,GMM,10.0,,,
213,GMM,4,0.42,1.8095238095238095,1,,GMM,10.0,,,
214,GMM,5,0.43,1.8837209302325582,1,,GMM,10.0,,,
215,GMM,6,0.44666666666666666,2.037313432835821,1,,GMM,10.0,,,
216,GMM,7,0.46,2.181159420289855,1,,GMM,10.0,,,
217,GMM,8,0.48,2.423611111111111,1,,GMM,10.0,,,
218,GMM,9,0.49333333333333335,2.6013513513513513,1,,GMM,10.0,,,
219,GMM,10,0.5,2.7,1,,GMM,10.0,,,
220,GMM,1,0.3566666666666667,1.0,1,,GMM,15.0,,,
221,GMM,2,0.4766666666666667,1.2517482517482517,1,,GMM,15.0,,,
222,GMM,3,0.53,1.4276729559748427,1,,GMM,15.0,,,
223,GMM,4,0.57,1.608187134502924,1,,GMM,15.0,,,
224,GMM,5,0.59,1.7231638418079096,1,,GMM,15.0,,,
225,GMM,6,0.62,1.9301075268817205,1,,GMM,15.0,,,
226,GMM,7,0.64,2.0885416666666665,1,,GMM,15.0,,,
227,GMM,8,0.6533333333333333,2.2091836734693877,1,,GMM,15.0,,,
228,GMM,9,0.6733333333333333,2.410891089108911,1,,GMM,15.0,,,
229,GMM,10,0.7033333333333334,2.734597156398104,1,,GMM,15.0,,,
230,GMM,1,0.31333333333333335,1.0,1,,GMM,20.0,,,
231,GMM,2,0.43333333333333335,1.2769230769230768,1,,GMM,20.0,,,
232,GMM,3,0.49333333333333335,1.4864864864864864,1,,GMM,20.0,,,
233,GMM,4,0.5266666666666666,1.6455696202531647,1,,GMM,20.0,,,
234,GMM,5,0.54,1.728395061728395,1,,GMM,20.0,,,
235,GMM,6,0.57,1.9532163742690059,1,,GMM,20.0,,,
236,GMM,7,0.6,2.2055555555555557,1,,GMM,20.0,,,
237,GMM,8,0.6133333333333333,2.3315217391304346,1,,GMM,20.0,,,
238,GMM,9,0.6433333333333333,2.6424870466321244,1,,GMM,20.0,,,
239,GMM,10,0.6666666666666666,2.9,1,,GMM,20.0,,,
240,GMM,1,0.27666666666666667,1.0,1,,GMM,25.0,,,
241,GMM,2,0.39,1.2905982905982907,1,,GMM,25.0,,,
242,GMM,3,0.4666666666666667,1.5714285714285714,1,,GMM,25.0,,,
243,GMM,4,0.5,1.7333333333333334,1,,GMM,25.0,,,
244,GMM,5,0.51,1.7973856209150327,1,,GMM,25.0,,,
245,GMM,6,0.5266666666666666,1.9303797468354431,1,,GMM,25.0,,,
246,GMM,7,0.5333333333333333,1.99375,1,,GMM,25.0,,,
247,GMM,8,0.5433333333333333,2.104294478527607,1,,GMM,25.0,,,
248,GMM,9,0.5766666666666667,2.5028901734104045,1,,GMM,25.0,,,
249,GMM,10,0.6033333333333334,2.834254143646409,1,,GMM,25.0,,,
250,GMM,1,0.31666666666666665,1.0,1,,GMM,26.0,,,
251,GMM,2,0.45,1.2962962962962963,1,,GMM,26.0,,,
252,GMM,3,0.5133333333333333,1.5064935064935066,1,,GMM,26.0,,,
253,GMM,4,0.5733333333333334,1.7674418604651163,1,,GMM,26.0,,,
254,GMM,5,0.59,1.8587570621468927,1,,GMM,26.0,,,
255,GMM,6,0.6166666666666667,2.037837837837838,1,,GMM,26.0,,,
256,GMM,7,0.6266666666666667,2.117021276595745,1,,GMM,26.0,,,
257,GMM,8,0.65,2.3282051282051284,1,,GMM,26.0,,,
258,GMM,9,0.67,2.527363184079602,1,,GMM,26.0,,,
259,GMM,10,0.69,2.743961352657005,1,,GMM,26.0,,,
260,GMM,1,0.3233333333333333,1.0,1,,GMM,30.0,,,
261,GMM,2,0.42333333333333334,1.236220472440945,1,,GMM,30.0,,,
262,GMM,3,0.49333333333333335,1.4864864864864864,1,,GMM,30.0,,,
263,GMM,4,0.5533333333333333,1.7590361445783131,1,,GMM,30.0,,,
264,GMM,5,0.5666666666666667,1.8352941176470587,1,,GMM,30.0,,,
265,GMM,6,0.5933333333333334,2.0224719101123596,1,,GMM,30.0,,,
266,GMM,7,0.61,2.158469945355191,1,,GMM,30.0,,,
267,GMM,8,0.63,2.3439153439153437,1,,GMM,30.0,,,
268,GMM,9,0.6433333333333333,2.481865284974093,1,,GMM,30.0,,,
269,GMM,10,0.6633333333333333,2.708542713567839,1,,GMM,30.0,,,
270,GMM,1,0.31666666666666665,1.0,1,,GMM,35.0,,,
271,GMM,2,0.39666666666666667,1.2016806722689075,1,,GMM,35.0,,,
272,GMM,3,0.4666666666666667,1.4714285714285715,1,,GMM,35.0,,,
273,GMM,4,0.5233333333333333,1.7452229299363058,1,,GMM,35.0,,,
274,GMM,5,0.5366666666666666,1.826086956521739,1,,GMM,35.0,,,
275,GMM,6,0.5666666666666667,2.0470588235294116,1,,GMM,35.0,,,
276,GMM,7,0.58,2.160919540229885,1,,GMM,35.0,,,
277,GMM,8,0.6066666666666667,2.4175824175824174,1,,GMM,35.0,,,
278,GMM,9,0.6266666666666667,2.627659574468085,1,,GMM,35.0,,,
279,GMM,10,0.6366666666666667,2.743455497382199,1,,GMM,35.0,,,
280,GMM,1,0.3,1.0,1,,GMM,40.0,,,
281,GMM,2,0.39,1.2307692307692308,1,,GMM,40.0,,,
282,GMM,3,0.4633333333333333,1.5107913669064748,1,,GMM,40.0,,,
283,GMM,4,0.5,1.6933333333333334,1,,GMM,40.0,,,
284,GMM,5,0.53,1.880503144654088,1,,GMM,40.0,,,
285,GMM,6,0.5533333333333333,2.0542168674698793,1,,GMM,40.0,,,
286,GMM,7,0.5666666666666667,2.1705882352941175,1,,GMM,40.0,,,
287,GMM,8,0.5866666666666667,2.3693181818181817,1,,GMM,40.0,,,
288,GMM,9,0.6033333333333334,2.552486187845304,1,,GMM,40.0,,,
289,GMM,10,0.62,2.752688172043011,1,,GMM,40.0,,,
290,GMM,1,0.2833333333333333,1.0,1,,GMM,45.0,,,
291,GMM,2,0.4,1.2916666666666667,1,,GMM,45.0,,,
292,GMM,3,0.4533333333333333,1.4926470588235294,1,,GMM,45.0,,,
293,GMM,4,0.4766666666666667,1.6153846153846154,1,,GMM,45.0,,,
294,GMM,5,0.5033333333333333,1.794701986754967,1,,GMM,45.0,,,
295,GMM,6,0.5266666666666666,1.981012658227848,1,,GMM,45.0,,,
296,GMM,7,0.54,2.1049382716049383,1,,GMM,45.0,,,
297,GMM,8,0.5433333333333333,2.1411042944785277,1,,GMM,45.0,,,
298,GMM,9,0.57,2.461988304093567,1,,GMM,45.0,,,
299,GMM,10,0.5933333333333334,2.758426966292135,1,,GMM,45.0,,,
300,GMM,1,0.30666666666666664,1.0,1,,GMM,50.0,,,
301,GMM,2,0.4066666666666667,1.2459016393442623,1,,GMM,50.0,,,
302,GMM,3,0.4666666666666667,1.4714285714285715,1,,GMM,50.0,,,
303,GMM,4,0.5066666666666667,1.6710526315789473,1,,GMM,50.0,,,
304,GMM,5,0.5266666666666666,1.7974683544303798,1,,GMM,50.0,,,
305,GMM,6,0.5533333333333333,2.0,1,,GMM,50.0,,,
306,GMM,7,0.5733333333333334,2.1744186046511627,1,,GMM,50.0,,,
307,GMM,8,0.5833333333333334,2.2742857142857145,1,,GMM,50.0,,,
308,GMM,9,0.6033333333333334,2.4972375690607733,1,,GMM,50.0,,,
309,GMM,10,0.6266666666666667,2.776595744680851,1,,GMM,50.0,,,
310,SPH,1,0.45,1.0,1,,,,0.25,,
311,SPH,2,0.58,1.2241379310344827,1,,,,0.25,,
312,SPH,3,0.66,1.4393939393939394,1,,,,0.25,,
313,SPH,4,0.7066666666666667,1.6084905660377358,1,,,,0.25,,
314,SPH,5,0.73,1.7168949771689497,1,,,,0.25,,
315,SPH,6,0.75,1.8311111111111111,1,,,,0.25,,
316,SPH,7,0.7633333333333333,1.9213973799126638,1,,,,0.25,,
317,SPH,8,0.78,2.051282051282051,1,,,,0.25,,
318,SPH,9,0.7933333333333333,2.168067226890756,1,,,,0.25,,
319,SPH,10,0.81,2.3292181069958846,1,,,,0.25,,
320,SPH,1,0.46,1.0,1,,,,0.3,,
321,SPH,2,0.5933333333333334,1.2247191011235956,1,,,,0.3,,
322,SPH,3,0.6766666666666666,1.4433497536945812,1,,,,0.3,,
323,SPH,4,0.72,1.5972222222222223,1,,,,0.3,,
324,SPH,5,0.7433333333333333,1.704035874439462,1,,,,0.3,,
325,SPH,6,0.76,1.7982456140350878,1,,,,0.3,,
326,SPH,7,0.7733333333333333,1.8879310344827587,1,,,,0.3,,
327,SPH,8,0.79,2.0168776371308015,1,,,,0.3,,
328,SPH,9,0.8,2.1041666666666665,1,,,,0.3,,
329,SPH,10,0.8133333333333334,2.2336065573770494,1,,,,0.3,,
330,SPH,1,0.46,1.0,1,,,,0.35,,
331,SPH,2,0.5933333333333334,1.2247191011235956,1,,,,0.35,,
332,SPH,3,0.6766666666666666,1.4433497536945812,1,,,,0.35,,
333,SPH,4,0.72,1.5972222222222223,1,,,,0.35,,
334,SPH,5,0.7433333333333333,1.704035874439462,1,,,,0.35,,
335,SPH,6,0.76,1.7982456140350878,1,,,,0.35,,
336,SPH,7,0.7733333333333333,1.8879310344827587,1,,,,0.35,,
337,SPH,8,0.79,2.0168776371308015,1,,,,0.35,,
338,SPH,9,0.8,2.1041666666666665,1,,,,0.35,,
339,SPH,10,0.8133333333333334,2.2336065573770494,1,,,,0.35,,
340,SPH,1,0.46,1.0,1,,,,0.4,,
341,SPH,2,0.5933333333333334,1.2247191011235956,1,,,,0.4,,
342,SPH,3,0.6766666666666666,1.4433497536945812,1,,,,0.4,,
343,SPH,4,0.72,1.5972222222222223,1,,,,0.4,,
344,SPH,5,0.7433333333333333,1.704035874439462,1,,,,0.4,,
345,SPH,6,0.76,1.7982456140350878,1,,,,0.4,,
346,SPH,7,0.7733333333333333,1.8879310344827587,1,,,,0.4,,
347,SPH,8,0.79,2.0168776371308015,1,,,,0.4,,
348,SPH,9,0.8,2.1041666666666665,1,,,,0.4,,
349,SPH,10,0.8133333333333334,2.2336065573770494,1,,,,0.4,,
350,SPH+CPI,1,0.4533333333333333,1.0,1,,,,0.25,0.3,0.7
351,SPH+CPI,2,0.5466666666666666,1.170731707317073,1,,,,0.25,0.3,0.7
352,SPH+CPI,3,0.66,1.4848484848484849,1,,,,0.25,0.3,0.7
353,SPH+CPI,4,0.7,1.6285714285714286,1,,,,0.25,0.3,0.7
354,SPH+CPI,5,0.7233333333333334,1.737327188940092,1,,,,0.25,0.3,0.7
355,SPH+CPI,6,0.7433333333333333,1.852017937219731,1,,,,0.25,0.3,0.7
356,SPH+CPI,7,0.75,1.8977777777777778,1,,,,0.25,0.3,0.7
357,SPH+CPI,8,0.7766666666666666,2.107296137339056,1,,,,0.25,0.3,0.7
358,SPH+CPI,9,0.7933333333333333,2.2521008403361344,1,,,,0.25,0.3,0.7
359,SPH+CPI,10,0.8,2.316666666666667,1,,,,0.25,0.3,0.7
360,SPH+CPI,1,0.4533333333333333,1.0,1,,,,0.25,0.3,0.75
361,SPH+CPI,2,0.5466666666666666,1.170731707317073,1,,,,0.25,0.3,0.75
362,SPH+CPI,3,0.66,1.4848484848484849,1,,,,0.25,0.3,0.75
363,SPH+CPI,4,0.6966666666666667,1.6172248803827751,1,,,,0.25,0.3,0.75
364,SPH+CPI,5,0.72,1.7268518518518519,1,,,,0.25,0.3,0.75
365,SPH+CPI,6,0.7433333333333333,1.8609865470852018,1,,,,0.25,0.3,0.75
366,SPH+CPI,7,0.75,1.9066666666666667,1,,,,0.25,0.3,0.75
367,SPH+CPI,8,0.78,2.141025641025641,1,,,,0.25,0.3,0.75
368,SPH+CPI,9,0.7966666666666666,2.284518828451883,1,,,,0.25,0.3,0.75
369,SPH+CPI,10,0.8033333333333333,2.3485477178423237,1,,,,0.25,0.3,0.75
370,SPH+CPI,1,0.43333333333333335,1.0,1,,,,0.25,0.3,0.8
371,SPH+CPI,2,0.55,1.2121212121212122,1,,,,0.25,0.3,0.8
372,SPH+CPI,3,0.6466666666666666,1.4793814432989691,1,,,,0.25,0.3,0.8
373,SPH+CPI,4,0.7133333333333334,1.7149532710280373,1,,,,0.25,0.3,0.8
374,SPH+CPI,5,0.7333333333333333,1.8045454545454545,1,,,,0.25,0.3,0.8
375,SPH+CPI,6,0.7533333333333333,1.915929203539823,1,,,,0.25,0.3,0.8
376,SPH+CPI,7,0.77,2.0259740259740258,1,,,,0.25,0.3,0.8
377,SPH+CPI,8,0.7866666666666666,2.152542372881356,1,,,,0.25,0.3,0.8
378,SPH+CPI,9,0.8033333333333333,2.2946058091286305,1,,,,0.25,0.3,0.8
379,SPH+CPI,10,0.8066666666666666,2.3264462809917354,1,,,,0.25,0.3,0.8
380,SPH+CPI,1,0.43,1.0,1,,,,0.25,0.3,0.85
381,SPH+CPI,2,0.5466666666666666,1.2134146341463414,1,,,,0.25,0.3,0.85
382,SPH+CPI,3,0.64,1.4739583333333333,1,,,,0.25,0.3,0.85
383,SPH+CPI,4,0.7033333333333334,1.7014218009478672,1,,,,0.25,0.3,0.85
384,SPH+CPI,5,0.72,1.7777777777777777,1,,,,0.25,0.3,0.85
385,SPH+CPI,6,0.7433333333333333,1.9103139013452914,1,,,,0.25,0.3,0.85
386,SPH+CPI,7,0.76,2.0219298245614037,1,,,,0.25,0.3,0.85
387,SPH+CPI,8,0.7733333333333333,2.125,1,,,,0.25,0.3,0.85
388,SPH+CPI,9,0.7933333333333333,2.2983193277310923,1,,,,0.25,0.3,0.85
389,SPH+CPI,10,0.8,2.3625,1,,,,0.25,0.3,0.85
390,SPH+CPI,1,0.44,1.0,1,,,,0.25,0.3,0.9
391,SPH+CPI,2,0.5733333333333334,1.2325581395348837,1,,,,0.25,0.3,0.9
392,SPH+CPI,3,0.6533333333333333,1.4489795918367347,1,,,,0.25,0.3,0.9
393,SPH+CPI,4,0.6966666666666667,1.6076555023923444,1,,,,0.25,0.3,0.9
394,SPH+CPI,5,0.71,1.6713615023474178,1,,,,0.25,0.3,0.9
395,SPH+CPI,6,0.74,1.8468468468468469,1,,,,0.25,0.3,0.9
396,SPH+CPI,7,0.76,1.9824561403508771,1,,,,0.25,0.3,0.9
397,SPH+CPI,8,0.7733333333333333,2.086206896551724,1,,,,0.25,0.3,0.9
398,SPH+CPI,9,0.7866666666666666,2.2033898305084745,1,,,,0.25,0.3,0.9
399,SPH+CPI,10,0.7966666666666666,2.301255230125523,1,,,,0.25,0.3,0.9
400,SPH+CPI,1,0.46,1.0,1,,,,0.25,0.35,0.7
401,SPH+CPI,2,0.5466666666666666,1.1585365853658536,1,,,,0.25,0.35,0.7
402,SPH+CPI,3,0.6566666666666666,1.467005076142132,1,,,,0.25,0.35,0.7
403,SPH+CPI,4,0.6933333333333334,1.6009615384615385,1,,,,0.25,0.35,0.7
404,SPH+CPI,5,0.7233333333333334,1.7419354838709677,1,,,,0.25,0.35,0.7
405,SPH+CPI,6,0.7433333333333333,1.8565022421524664,1,,,,0.25,0.35,0.7
406,SPH+CPI,7,0.75,1.9022222222222223,1,,,,0.25,0.35,0.7
407,SPH+CPI,8,0.7766666666666666,2.111587982832618,1,,,,0.25,0.35,0.7
408,SPH+CPI,9,0.7933333333333333,2.2563025210084033,1,,,,0.25,0.35,0.7
409,SPH+CPI,10,0.8,2.3208333333333333,1,,,,0.25,0.35,0.7
410,SPH+CPI,1,0.46,1.0,1,,,,0.25,0.35,0.75
411,SPH+CPI,2,0.5466666666666666,1.1585365853658536,1,,,,0.25,0.35,0.75
412,SPH+CPI,3,0.6566666666666666,1.467005076142132,1,,,,0.25,0.35,0.75
413,SPH+CPI,4,0.69,1.5893719806763285,1,,,,0.25,0.35,0.75
414,SPH+CPI,5,0.72,1.7314814814814814,1,,,,0.25,0.35,0.75
415,SPH+CPI,6,0.7433333333333333,1.8654708520179373,1,,,,0.25,0.35,0.75
416,SPH+CPI,7,0.75,1.9111111111111112,1,,,,0.25,0.35,0.75
417,SPH+CPI,8,0.78,2.1452991452991452,1,,,,0.25,0.35,0.75
418,SPH+CPI,9,0.7966666666666666,2.288702928870293,1,,,,0.25,0.35,0.75
419,SPH+CPI,10,0.8033333333333333,2.3526970954356847,1,,,,0.25,0.35,0.75
420,SPH+CPI,1,0.44,1.0,1,,,,0.25,0.35,0.8
421,SPH+CPI,2,0.55,1.2,1,,,,0.25,0.35,0.8
422,SPH+CPI,3,0.6433333333333333,1.461139896373057,1,,,,0.25,0.35,0.8
423,SPH+CPI,4,0.7066666666666667,1.6886792452830188,1,,,,0.25,0.35,0.8
424,SPH+CPI,5,0.7333333333333333,1.809090909090909,1,,,,0.25,0.35,0.8
425,SPH+CPI,6,0.7533333333333333,1.920353982300885,1,,,,0.25,0.35,0.8
426,SPH+CPI,7,0.77,2.0303030303030303,1,,,,0.25,0.35,0.8
427,SPH+CPI,8,0.7866666666666666,2.156779661016949,1,,,,0.25,0.35,0.8
428,SPH+CPI,9,0.8033333333333333,2.2987551867219915,1,,,,0.25,0.35,0.8
429,SPH+CPI,10,0.8066666666666666,2.330578512396694,1,,,,0.25,0.35,0.8
430,SPH+CPI,1,0.43666666666666665,1.0,1,,,,0.25,0.35,0.85
431,SPH+CPI,2,0.5466666666666666,1.201219512195122,1,,,,0.25,0.35,0.85
432,SPH+CPI,3,0.6366666666666667,1.455497382198953,1,,,,0.25,0.35,0.85
433,SPH+CPI,4,0.6966666666666667,1.674641148325359,1,,,,0.25,0.35,0.85
434,SPH+CPI,5,0.72,1.7824074074074074,1,,,,0.25,0.35,0.85
435,SPH+CPI,6,0.7433333333333333,1.9147982062780269,1,,,,0.25,0.35,0.85
436,SPH+CPI,7,0.76,2.026315789473684,1,,,,0.25,0.35,0.85
437,SPH+CPI,8,0.7733333333333333,2.1293103448275863,1,,,,0.25,0.35,0.85
438,SPH+CPI,9,0.7933333333333333,2.302521008403361,1,,,,0.25,0.35,0.85
439,SPH+CPI,10,0.8,2.3666666666666667,1,,,,0.25,0.35,0.85
440,SPH+CPI,1,0.44666666666666666,1.0,1,,,,0.25,0.35,0.9
441,SPH+CPI,2,0.5733333333333334,1.2209302325581395,1,,,,0.25,0.35,0.9
442,SPH+CPI,3,0.65,1.4307692307692308,1,,,,0.25,0.35,0.9
443,SPH+CPI,4,0.69,1.5797101449275361,1,,,,0.25,0.35,0.9
444,SPH+CPI,5,0.71,1.676056338028169,1,,,,0.25,0.35,0.9
445,SPH+CPI,6,0.74,1.8513513513513513,1,,,,0.25,0.35,0.9
446,SPH+CPI,7,0.76,1.986842105263158,1,,,,0.25,0.35,0.9
447,SPH+CPI,8,0.7733333333333333,2.0905172413793105,1,,,,0.25,0.35,0.9
448,SPH+CPI,9,0.7866666666666666,2.207627118644068,1,,,,0.25,0.35,0.9
449,SPH+CPI,10,0.7966666666666666,2.305439330543933,1,,,,0.25,0.35,0.9
450,SPH+CPI,1,0.4666666666666667,1.0,1,,,,0.25,0.4,0.7
451,SPH+CPI,2,0.55,1.1515151515151516,1,,,,0.25,0.4,0.7
452,SPH+CPI,3,0.66,1.4595959595959596,1,,,,0.25,0.4,0.7
453,SPH+CPI,4,0.6933333333333334,1.5817307692307692,1,,,,0.25,0.4,0.7
454,SPH+CPI,5,0.7233333333333334,1.7235023041474655,1,,,,0.25,0.4,0.7
455,SPH+CPI,6,0.7433333333333333,1.8385650224215246,1,,,,0.25,0.4,0.7
456,SPH+CPI,7,0.75,1.8844444444444444,1,,,,0.25,0.4,0.7
457,SPH+CPI,8,0.7766666666666666,2.0944206008583692,1,,,,0.25,0.4,0.7
458,SPH+CPI,9,0.7933333333333333,2.2394957983193278,1,,,,0.25,0.4,0.7
459,SPH+CPI,10,0.8,2.3041666666666667,1,,,,0.25,0.4,0.7
460,SPH+CPI,1,0.4666666666666667,1.0,1,,,,0.25,0.4,0.75
461,SPH+CPI,2,0.55,1.1515151515151516,1,,,,0.25,0.4,0.75
462,SPH+CPI,3,0.66,1.4595959595959596,1,,,,0.25,0.4,0.75
463,SPH+CPI,4,0.69,1.570048309178744,1,,,,0.25,0.4,0.75
464,SPH+CPI,5,0.72,1.712962962962963,1,,,,0.25,0.4,0.75
465,SPH+CPI,6,0.7433333333333333,1.8475336322869955,1,,,,0.25,0.4,0.75
466,SPH+CPI,7,0.75,1.8933333333333333,1,,,,0.25,0.4,0.75
467,SPH+CPI,8,0.78,2.128205128205128,1,,,,0.25,0.4,0.75
468,SPH+CPI,9,0.7966666666666666,2.271966527196653,1,,,,0.25,0.4,0.75
469,SPH+CPI,10,0.8033333333333333,2.336099585062241,1,,,,0.25,0.4,0.75
470,SPH+CPI,1,0.44666666666666666,1.0,1,,,,0.25,0.4,0.8
471,SPH+CPI,2,0.5533333333333333,1.1927710843373494,1,,,,0.25,0.4,0.8
472,SPH+CPI,3,0.6466666666666666,1.4536082474226804,1,,,,0.25,0.4,0.8
473,SPH+CPI,4,0.7066666666666667,1.669811320754717,1,,,,0.25,0.4,0.8
474,SPH+CPI,5,0.7333333333333333,1.790909090909091,1,,,,0.25,0.4,0.8
475,SPH+CPI,6,0.7533333333333333,1.9026548672566372,1,,,,0.25,0.4,0.8
476,SPH+CPI,7,0.77,2.012987012987013,1,,,,0.25,0.4,0.8
477,SPH+CPI,8,0.7866666666666666,2.139830508474576,1,,,,0.25,0.4,0.8
478,SPH+CPI,9,0.8033333333333333,2.2821576763485476,1,,,,0.25,0.4,0.8
479,SPH+CPI,10,0.8066666666666666,2.3140495867768593,1,,,,0.25,0.4,0.8
480,SPH+CPI,1,0.44333333333333336,1.0,1,,,,0.25,0.4,0.85
481,SPH+CPI,2,0.55,1.1939393939393939,1,,,,0.25,0.4,0.85
482,SPH+CPI,3,0.64,1.4479166666666667,1,,,,0.25,0.4,0.85
483,SPH+CPI,4,0.6966666666666667,1.6555023923444976,1,,,,0.25,0.4,0.85
484,SPH+CPI,5,0.72,1.7638888888888888,1,,,,0.25,0.4,0.85
485,SPH+CPI,6,0.7433333333333333,1.8968609865470851,1,,,,0.25,0.4,0.85
486,SPH+CPI,7,0.76,2.008771929824561,1,,,,0.25,0.4,0.85
487,SPH+CPI,8,0.7733333333333333,2.1120689655172415,1,,,,0.25,0.4,0.85
488,SPH+CPI,9,0.7933333333333333,2.2857142857142856,1,,,,0.25,0.4,0.85
489,SPH+CPI,10,0.8,2.35,1,,,,0.25,0.4,0.85
490,SPH+CPI,1,0.4533333333333333,1.0,1,,,,0.25,0.4,0.9
491,SPH+CPI,2,0.5766666666666667,1.2138728323699421,1,,,,0.25,0.4,0.9
492,SPH+CPI,3,0.6533333333333333,1.4234693877551021,1,,,,0.25,0.4,0.9
493,SPH+CPI,4,0.69,1.5603864734299517,1,,,,0.25,0.4,0.9
494,SPH+CPI,5,0.71,1.6572769953051643,1,,,,0.25,0.4,0.9
495,SPH+CPI,6,0.74,1.8333333333333333,1,,,,0.25,0.4,0.9
496,SPH+CPI,7,0.76,1.969298245614035,1,,,,0.25,0.4,0.9
497,SPH+CPI,8,0.7733333333333333,2.0732758620689653,1,,,,0.25,0.4,0.9
498,SPH+CPI,9,0.7866666666666666,2.190677966101695,1,,,,0.25,0.4,0.9
499,SPH+CPI,10,0.7966666666666666,2.288702928870293,1,,,,0.25,0.4,0.9
500,SPH+CPI,1,0.44666666666666666,1.0,1,,,,0.3,0.3,0.7
501,SPH+CPI,2,0.5633333333333334,1.2071005917159763,1,,,,0.3,0.3,0.7
502,SPH+CPI,3,0.6766666666666666,1.5073891625615763,1,,,,0.3,0.3,0.7
503,SPH+CPI,4,0.7133333333333334,1.6355140186915889,1,,,,0.3,0.3,0.7
504,SPH+CPI,5,0.7366666666666667,1.742081447963801,1,,,,0.3,0.3,0.7
505,SPH+CPI,6,0.7533333333333333,1.836283185840708,1,,,,0.3,0.3,0.7
506,SPH+CPI,7,0.76,1.881578947368421,1,,,,0.3,0.3,0.7
507,SPH+CPI,8,0.7866666666666666,2.0889830508474576,1,,,,0.3,0.3,0.7
508,SPH+CPI,9,0.8,2.2041666666666666,1,,,,0.3,0.3,0.7
509,SPH+CPI,10,0.8066666666666666,2.268595041322314,1,,,,0.3,0.3,0.7
510,SPH+CPI,1,0.44666666666666666,1.0,1,,,,0.3,0.3,0.75
511,SPH+CPI,2,0.5633333333333334,1.2071005917159763,1,,,,0.3,0.3,0.75
512,SPH+CPI,3,0.6766666666666666,1.5073891625615763,1,,,,0.3,0.3,0.75
513,SPH+CPI,4,0.71,1.624413145539906,1,,,,0.3,0.3,0.75
514,SPH+CPI,5,0.7333333333333333,1.731818181818182,1,,,,0.3,0.3,0.75
515,SPH+CPI,6,0.7533333333333333,1.845132743362832,1,,,,0.3,0.3,0.75
516,SPH+CPI,7,0.76,1.8903508771929824,1,,,,0.3,0.3,0.75
517,SPH+CPI,8,0.7866666666666666,2.097457627118644,1,,,,0.3,0.3,0.75
518,SPH+CPI,9,0.8,2.2125,1,,,,0.3,0.3,0.75
519,SPH+CPI,10,0.8066666666666666,2.2768595041322315,1,,,,0.3,0.3,0.75
520,SPH+CPI,1,0.4266666666666667,1.0,1,,,,0.3,0.3,0.8
521,SPH+CPI,2,0.5666666666666667,1.2470588235294118,1,,,,0.3,0.3,0.8
522,SPH+CPI,3,0.6633333333333333,1.5025125628140703,1,,,,0.3,0.3,0.8
523,SPH+CPI,4,0.7233333333333334,1.7096774193548387,1,,,,0.3,0.3,0.8
524,SPH+CPI,5,0.7433333333333333,1.798206278026906,1,,,,0.3,0.3,0.8
525,SPH+CPI,6,0.76,1.8903508771929824,1,,,,0.3,0.3,0.8
526,SPH+CPI,7,0.7766666666666666,2.0,1,,,,0.3,0.3,0.8
527,SPH+CPI,8,0.7933333333333333,2.1260504201680672,1,,,,0.3,0.3,0.8
528,SPH+CPI,9,0.8066666666666666,2.239669421487603,1,,,,0.3,0.3,0.8
529,SPH+CPI,10,0.81,2.271604938271605,1,,,,0.3,0.3,0.8
530,SPH+CPI,1,0.42333333333333334,1.0,1,,,,0.3,0.3,0.85
531,SPH+CPI,2,0.5633333333333334,1.2485207100591715,1,,,,0.3,0.3,0.85
532,SPH+CPI,3,0.6566666666666666,1.49746192893401,1,,,,0.3,0.3,0.85
533,SPH+CPI,4,0.7166666666666667,1.7069767441860466,1,,,,0.3,0.3,0.85
534,SPH+CPI,5,0.7333333333333333,1.7818181818181817,1,,,,0.3,0.3,0.85
535,SPH+CPI,6,0.7533333333333333,1.8938053097345133,1,,,,0.3,0.3,0.85
536,SPH+CPI,7,0.77,2.0043290043290045,1,,,,0.3,0.3,0.85
537,SPH+CPI,8,0.7833333333333333,2.106382978723404,1,,,,0.3,0.3,0.85
538,SPH+CPI,9,0.8,2.25,1,,,,0.3,0.3,0.85
539,SPH+CPI,10,0.8033333333333333,2.2821576763485476,1,,,,0.3,0.3,0.85
540,SPH+CPI,1,0.43333333333333335,1.0,1,,,,0.3,0.3,0.9
541,SPH+CPI,2,0.59,1.265536723163842,1,,,,0.3,0.3,0.9
542,SPH+CPI,3,0.67,1.472636815920398,1,,,,0.3,0.3,0.9
543,SPH+CPI,4,0.71,1.6150234741784038,1,,,,0.3,0.3,0.9
544,SPH+CPI,5,0.7233333333333334,1.6774193548387097,1,,,,0.3,0.3,0.9
545,SPH+CPI,6,0.75,1.8311111111111111,1,,,,0.3,0.3,0.9
546,SPH+CPI,7,0.77,1.9653679653679654,1,,,,0.3,0.3,0.9
547,SPH+CPI,8,0.7833333333333333,2.068085106382979,1,,,,0.3,0.3,0.9
548,SPH+CPI,9,0.7933333333333333,2.1554621848739495,1,,,,0.3,0.3,0.9
549,SPH+CPI,10,0.8033333333333333,2.2531120331950207,1,,,,0.3,0.3,0.9
550,SPH+CPI,1,0.47,1.0,1,,,,0.3,0.35,0.7
551,SPH+CPI,2,0.56,1.1607142857142858,1,,,,0.3,0.35,0.7
552,SPH+CPI,3,0.6733333333333333,1.4702970297029703,1,,,,0.3,0.35,0.7
553,SPH+CPI,4,0.7066666666666667,1.5896226415094339,1,,,,0.3,0.35,0.7
554,SPH+CPI,5,0.7366666666666667,1.7285067873303168,1,,,,0.3,0.35,0.7
555,SPH+CPI,6,0.7533333333333333,1.823008849557522,1,,,,0.3,0.35,0.7
556,SPH+CPI,7,0.76,1.868421052631579,1,,,,0.3,0.35,0.7
557,SPH+CPI,8,0.7866666666666666,2.0762711864406778,1,,,,0.3,0.35,0.7
558,SPH+CPI,9,0.8,2.191666666666667,1,,,,0.3,0.35,0.7
559,SPH+CPI,10,0.8066666666666666,2.256198347107438,1,,,,0.3,0.35,0.7
560,SPH+CPI,1,0.47,1.0,1,,,,0.3,0.35,0.75
561,SPH+CPI,2,0.56,1.1607142857142858,1,,,,0.3,0.35,0.75
562,SPH+CPI,3,0.6733333333333333,1.4702970297029703,1,,,,0.3,0.35,0.75
563,SPH+CPI,4,0.7033333333333334,1.5781990521327014,1,,,,0.3,0.35,0.75
564,SPH+CPI,5,0.7333333333333333,1.7181818181818183,1,,,,0.3,0.35,0.75
565,SPH+CPI,6,0.7533333333333333,1.831858407079646,1,,,,0.3,0.35,0.75
566,SPH+CPI,7,0.76,1.8771929824561404,1,,,,0.3,0.35,0.75
567,SPH+CPI,8,0.7866666666666666,2.0847457627118646,1,,,,0.3,0.35,0.75
568,SPH+CPI,9,0.8,2.2,1,,,,0.3,0.35,0.75
569,SPH+CPI,10,0.8066666666666666,2.2644628099173554,1,,,,0.3,0.35,0.75
570,SPH+CPI,1,0.45,1.0,1,,,,0.3,0.35,0.8
571,SPH+CPI,2,0.5633333333333334,1.2011834319526626,1,,,,0.3,0.35,0.8
572,SPH+CPI,3,0.66,1.4646464646464648,1,,,,0.3,0.35,0.8
573,SPH+CPI,4,0.7166666666666667,1.6651162790697673,1,,,,0.3,0.35,0.8
574,SPH+CPI,5,0.7433333333333333,1.7847533632286996,1,,,,0.3,0.35,0.8
575,SPH+CPI,6,0.76,1.8771929824561404,1,,,,0.3,0.35,0.8
576,SPH+CPI,7,0.7766666666666666,1.9871244635193133,1,,,,0.3,0.35,0.8
577,SPH+CPI,8,0.7933333333333333,2.1134453781512605,1,,,,0.3,0.35,0.8
578,SPH+CPI,9,0.8066666666666666,2.227272727272727,1,,,,0.3,0.35,0.8
579,SPH+CPI,10,0.81,2.259259259259259,1,,,,0.3,0.35,0.8
580,SPH+CPI,1,0.44666666666666666,1.0,1,,,,0.3,0.35,0.85
581,SPH+CPI,2,0.56,1.2023809523809523,1,,,,0.3,0.35,0.85
582,SPH+CPI,3,0.6533333333333333,1.4591836734693877,1,,,,0.3,0.35,0.85
583,SPH+CPI,4,0.71,1.6619718309859155,1,,,,0.3,0.35,0.85
584,SPH+CPI,5,0.7333333333333333,1.768181818181818,1,,,,0.3,0.35,0.85
585,SPH+CPI,6,0.7533333333333333,1.8805309734513274,1,,,,0.3,0.35,0.85
586,SPH+CPI,7,0.77,1.9913419913419914,1,,,,0.3,0.35,0.85
587,SPH+CPI,8,0.7833333333333333,2.0936170212765957,1,,,,0.3,0.35,0.85
588,SPH+CPI,9,0.8,2.2375,1,,,,0.3,0.35,0.85
589,SPH+CPI,10,0.8033333333333333,2.2697095435684647,1,,,,0.3,0.35,0.85
590,SPH+CPI,1,0.45666666666666667,1.0,1,,,,0.3,0.35,0.9
591,SPH+CPI,2,0.5866666666666667,1.2215909090909092,1,,,,0.3,0.35,0.9
592,SPH+CPI,3,0.6666666666666666,1.435,1,,,,0.3,0.35,0.9
593,SPH+CPI,4,0.7033333333333334,1.5687203791469195,1,,,,0.3,0.35,0.9
594,SPH+CPI,5,0.7233333333333334,1.663594470046083,1,,,,0.3,0.35,0.9
595,SPH+CPI,6,0.75,1.8177777777777777,1,,,,0.3,0.35,0.9
596,SPH+CPI,7,0.77,1.9523809523809523,1,,,,0.3,0.35,0.9
597,SPH+CPI,8,0.7833333333333333,2.0553191489361704,1,,,,0.3,0.35,0.9
598,SPH+CPI,9,0.7933333333333333,2.142857142857143,1,,,,0.3,0.35,0.9
599,SPH+CPI,10,0.8033333333333333,2.240663900414938,1,,,,0.3,0.35,0.9
600,SPH+CPI,1,0.4766666666666667,1.0,1,,,,0.3,0.4,0.7
601,SPH+CPI,2,0.5633333333333334,1.1538461538461537,1,,,,0.3,0.4,0.7
602,SPH+CPI,3,0.6766666666666666,1.4630541871921183,1,,,,0.3,0.4,0.7
603,SPH+CPI,4,0.7066666666666667,1.570754716981132,1,,,,0.3,0.4,0.7
604,SPH+CPI,5,0.7366666666666667,1.7104072398190044,1,,,,0.3,0.4,0.7
605,SPH+CPI,6,0.7533333333333333,1.8053097345132743,1,,,,0.3,0.4,0.7
606,SPH+CPI,7,0.76,1.8508771929824561,1,,,,0.3,0.4,0.7
607,SPH+CPI,8,0.7866666666666666,2.059322033898305,1,,,,0.3,0.4,0.7
608,SPH+CPI,9,0.8,2.175,1,,,,0.3,0.4,0.7
609,SPH+CPI,10,0.8066666666666666,2.239669421487603,1,,,,0.3,0.4,0.7
610,SPH+CPI,1,0.4766666666666667,1.0,1,,,,0.3,0.4,0.75
611,SPH+CPI,2,0.5633333333333334,1.1538461538461537,1,,,,0.3,0.4,0.75
612,SPH+CPI,3,0.6766666666666666,1.4630541871921183,1,,,,0.3,0.4,0.75
613,SPH+CPI,4,0.7033333333333334,1.5592417061611374,1,,,,0.3,0.4,0.75
614,SPH+CPI,5,0.7333333333333333,1.7,1,,,,0.3,0.4,0.75
615,SPH+CPI,6,0.7533333333333333,1.8141592920353982,1,,,,0.3,0.4,0.75
616,SPH+CPI,7,0.76,1.8596491228070176,1,,,,0.3,0.4,0.75
617,SPH+CPI,8,0.7866666666666666,2.0677966101694913,1,,,,0.3,0.4,0.75
618,SPH+CPI,9,0.8,2.183333333333333,1,,,,0.3,0.4,0.75
619,SPH+CPI,10,0.8066666666666666,2.2479338842975207,1,,,,0.3,0.4,0.75
620,SPH+CPI,1,0.45666666666666667,1.0,1,,,,0.3,0.4,0.8
621,SPH+CPI,2,0.5666666666666667,1.1941176470588235,1,,,,0.3,0.4,0.8
622,SPH+CPI,3,0.6633333333333333,1.4572864321608041,1,,,,0.3,0.4,0.8
623,SPH+CPI,4,0.7166666666666667,1.6465116279069767,1,,,,0.3,0.4,0.8
624,SPH+CPI,5,0.7433333333333333,1.7668161434977578,1,,,,0.3,0.4,0.8
625,SPH+CPI,6,0.76,1.8596491228070176,1,,,,0.3,0.4,0.8
626,SPH+CPI,7,0.7766666666666666,1.9699570815450644,1,,,,0.3,0.4,0.8
627,SPH+CPI,8,0.7933333333333333,2.096638655462185,1,,,,0.3,0.4,0.8
628,SPH+CPI,9,0.8066666666666666,2.2107438016528924,1,,,,0.3,0.4,0.8
629,SPH+CPI,10,0.81,2.242798353909465,1,,,,0.3,0.4,0.8
630,SPH+CPI,1,0.4533333333333333,1.0,1,,,,0.3,0.4,0.85
631,SPH+CPI,2,0.5633333333333334,1.1952662721893492,1,,,,0.3,0.4,0.85
632,SPH+CPI,3,0.6566666666666666,1.4517766497461928,1,,,,0.3,0.4,0.85
633,SPH+CPI,4,0.71,1.6431924882629108,1,,,,0.3,0.4,0.85
634,SPH+CPI,5,0.7333333333333333,1.75,1,,,,0.3,0.4,0.85
635,SPH+CPI,6,0.7533333333333333,1.8628318584070795,1,,,,0.3,0.4,0.85
636,SPH+CPI,7,0.77,1.974025974025974,1,,,,0.3,0.4,0.85
637,SPH+CPI,8,0.7833333333333333,2.076595744680851,1,,,,0.3,0.4,0.85
638,SPH+CPI,9,0.8,2.220833333333333,1,,,,0.3,0.4,0.85
639,SPH+CPI,10,0.8033333333333333,2.2531120331950207,1,,,,0.3,0.4,0.85
640,SPH+CPI,1,0.4633333333333333,1.0,1,,,,0.3,0.4,0.9
641,SPH+CPI,2,0.59,1.2146892655367232,1,,,,0.3,0.4,0.9
642,SPH+CPI,3,0.67,1.427860696517413,1,,,,0.3,0.4,0.9
643,SPH+CPI,4,0.7033333333333334,1.5497630331753554,1,,,,0.3,0.4,0.9
644,SPH+CPI,5,0.7233333333333334,1.6451612903225807,1,,,,0.3,0.4,0.9
645,SPH+CPI,6,0.75,1.8,1,,,,0.3,0.4,0.9
646,SPH+CPI,7,0.77,1.9350649350649352,1,,,,0.3,0.4,0.9
647,SPH+CPI,8,0.7833333333333333,2.0382978723404257,1,,,,0.3,0.4,0.9
648,SPH+CPI,9,0.7933333333333333,2.1260504201680672,1,,,,0.3,0.4,0.9
649,SPH+CPI,10,0.8033333333333333,2.224066390041494,1,,,,0.3,0.4,0.9
650,SPH+CPI,1,0.44666666666666666,1.0,1,,,,0.35,0.3,0.7
651,SPH+CPI,2,0.5633333333333334,1.2071005917159763,1,,,,0.35,0.3,0.7
652,SPH+CPI,3,0.6766666666666666,1.5073891625615763,1,,,,0.35,0.3,0.7
653,SPH+CPI,4,0.7133333333333334,1.6355140186915889,1,,,,0.35,0.3,0.7
654,SPH+CPI,5,0.7366666666666667,1.742081447963801,1,,,,0.35,0.3,0.7
655,SPH+CPI,6,0.7533333333333333,1.836283185840708,1,,,,0.35,0.3,0.7
656,SPH+CPI,7,0.76,1.881578947368421,1,,,,0.35,0.3,0.7
657,SPH+CPI,8,0.7866666666666666,2.0889830508474576,1,,,,0.35,0.3,0.7
658,SPH+CPI,9,0.8,2.2041666666666666,1,,,,0.35,0.3,0.7
659,SPH+CPI,10,0.8066666666666666,2.268595041322314,1,,,,0.35,0.3,0.7
660,SPH+CPI,1,0.44666666666666666,1.0,1,,,,0.35,0.3,0.75
661,SPH+CPI,2,0.5633333333333334,1.2071005917159763,1,,,,0.35,0.3,0.75
662,SPH+CPI,3,0.6766666666666666,1.5073891625615763,1,,,,0.35,0.3,0.75
663,SPH+CPI,4,0.71,1.624413145539906,1,,,,0.35,0.3,0.75
664,SPH+CPI,5,0.7333333333333333,1.731818181818182,1,,,,0.35,0.3,0.75
665,SPH+CPI,6,0.7533333333333333,1.845132743362832,1,,,,0.35,0.3,0.75
666,SPH+CPI,7,0.76,1.8903508771929824,1,,,,0.35,0.3,0.75
667,SPH+CPI,8,0.7866666666666666,2.097457627118644,1,,,,0.35,0.3,0.75
668,SPH+CPI,9,0.8,2.2125,1,,,,0.35,0.3,0.75
669,SPH+CPI,10,0.8066666666666666,2.2768595041322315,1,,,,0.35,0.3,0.75
670,SPH+CPI,1,0.4266666666666667,1.0,1,,,,0.35,0.3,0.8
671,SPH+CPI,2,0.5666666666666667,1.2470588235294118,1,,,,0.35,0.3,0.8
672,SPH+CPI,3,0.6633333333333333,1.5025125628140703,1,,,,0.35,0.3,0.8
673,SPH+CPI,4,0.7233333333333334,1.7096774193548387,1,,,,0.35,0.3,0.8
674,SPH+CPI,5,0.7433333333333333,1.798206278026906,1,,,,0.35,0.3,0.8
675,SPH+CPI,6,0.76,1.8903508771929824,1,,,,0.35,0.3,0.8
676,SPH+CPI,7,0.7766666666666666,2.0,1,,,,0.35,0.3,0.8
677,SPH+CPI,8,0.7933333333333333,2.1260504201680672,1,,,,0.35,0.3,0.8
678,SPH+CPI,9,0.8066666666666666,2.239669421487603,1,,,,0.35,0.3,0.8
679,SPH+CPI,10,0.81,2.271604938271605,1,,,,0.35,0.3,0.8
680,SPH+CPI,1,0.42333333333333334,1.0,1,,,,0.35,0.3,0.85
681,SPH+CPI,2,0.5633333333333334,1.2485207100591715,1,,,,0.35,0.3,0.85
682,SPH+CPI,3,0.6566666666666666,1.49746192893401,1,,,,0.35,0.3,0.85
683,SPH+CPI,4,0.7166666666666667,1.7069767441860466,1,,,,0.35,0.3,0.85
684,SPH+CPI,5,0.7333333333333333,1.7818181818181817,1,,,,0.35,0.3,0.85
685,SPH+CPI,6,0.7533333333333333,1.8938053097345133,1,,,,0.35,0.3,0.85
686,SPH+CPI,7,0.77,2.0043290043290045,1,,,,0.35,0.3,0.85
687,SPH+CPI,8,0.7833333333333333,2.106382978723404,1,,,,0.35,0.3,0.85
688,SPH+CPI,9,0.8,2.25,1,,,,0.35,0.3,0.85
689,SPH+CPI,10,0.8033333333333333,2.2821576763485476,1,,,,0.35,0.3,0.85
690,SPH+CPI,1,0.43333333333333335,1.0,1,,,,0.35,0.3,0.9
691,SPH+CPI,2,0.59,1.265536723163842,1,,,,0.35,0.3,0.9
692,SPH+CPI,3,0.67,1.472636815920398,1,,,,0.35,0.3,0.9
693,SPH+CPI,4,0.71,1.6150234741784038,1,,,,0.35,0.3,0.9
694,SPH+CPI,5,0.7233333333333334,1.6774193548387097,1,,,,0.35,0.3,0.9
695,SPH+CPI,6,0.75,1.8311111111111111,1,,,,0.35,0.3,0.9
696,SPH+CPI,7,0.77,1.9653679653679654,1,,,,0.35,0.3,0.9
697,SPH+CPI,8,0.7833333333333333,2.068085106382979,1,,,,0.35,0.3,0.9
698,SPH+CPI,9,0.7933333333333333,2.1554621848739495,1,,,,0.35,0.3,0.9
699,SPH+CPI,10,0.8033333333333333,2.2531120331950207,1,,,,0.35,0.3,0.9
700,SPH+CPI,1,0.47,1.0,1,,,,0.35,0.35,0.7
701,SPH+CPI,2,0.56,1.1607142857142858,1,,,,0.35,0.35,0.7
702,SPH+CPI,3,0.6733333333333333,1.4702970297029703,1,,,,0.35,0.35,0.7
703,SPH+CPI,4,0.7066666666666667,1.5896226415094339,1,,,,0.35,0.35,0.7
704,SPH+CPI,5,0.7366666666666667,1.7285067873303168,1,,,,0.35,0.35,0.7
705,SPH+CPI,6,0.7533333333333333,1.823008849557522,1,,,,0.35,0.35,0.7
706,SPH+CPI,7,0.76,1.868421052631579,1,,,,0.35,0.35,0.7
707,SPH+CPI,8,0.7866666666666666,2.0762711864406778,1,,,,0.35,0.35,0.7
708,SPH+CPI,9,0.8,2.191666666666667,1,,,,0.35,0.35,0.7
709,SPH+CPI,10,0.8066666666666666,2.256198347107438,1,,,,0.35,0.35,0.7
710,SPH+CPI,1,0.47,1.0,1,,,,0.35,0.35,0.75
711,SPH+CPI,2,0.56,1.1607142857142858,1,,,,0.35,0.35,0.75
712,SPH+CPI,3,0.6733333333333333,1.4702970297029703,1,,,,0.35,0.35,0.75
713,SPH+CPI,4,0.7033333333333334,1.5781990521327014,1,,,,0.35,0.35,0.75
714,SPH+CPI,5,0.7333333333333333,1.7181818181818183,1,,,,0.35,0.35,0.75
715,SPH+CPI,6,0.7533333333333333,1.831858407079646,1,,,,0.35,0.35,0.75
716,SPH+CPI,7,0.76,1.8771929824561404,1,,,,0.35,0.35,0.75
717,SPH+CPI,8,0.7866666666666666,2.0847457627118646,1,,,,0.35,0.35,0.75
718,SPH+CPI,9,0.8,2.2,1,,,,0.35,0.35,0.75
719,SPH+CPI,10,0.8066666666666666,2.2644628099173554,1,,,,0.35,0.35,0.75
720,SPH+CPI,1,0.45,1.0,1,,,,0.35,0.35,0.8
721,SPH+CPI,2,0.5633333333333334,1.2011834319526626,1,,,,0.35,0.35,0.8
722,SPH+CPI,3,0.66,1.4646464646464648,1,,,,0.35,0.35,0.8
723,SPH+CPI,4,0.7166666666666667,1.6651162790697673,1,,,,0.35,0.35,0.8
724,SPH+CPI,5,0.7433333333333333,1.7847533632286996,1,,,,0.35,0.35,0.8
725,SPH+CPI,6,0.76,1.8771929824561404,1,,,,0.35,0.35,0.8
726,SPH+CPI,7,0.7766666666666666,1.9871244635193133,1,,,,0.35,0.35,0.8
727,SPH+CPI,8,0.7933333333333333,2.1134453781512605,1,,,,0.35,0.35,0.8
728,SPH+CPI,9,0.8066666666666666,2.227272727272727,1,,,,0.35,0.35,0.8
729,SPH+CPI,10,0.81,2.259259259259259,1,,,,0.35,0.35,0.8
730,SPH+CPI,1,0.44666666666666666,1.0,1,,,,0.35,0.35,0.85
731,SPH+CPI,2,0.56,1.2023809523809523,1,,,,0.35,0.35,0.85
732,SPH+CPI,3,0.6533333333333333,1.4591836734693877,1,,,,0.35,0.35,0.85
733,SPH+CPI,4,0.71,1.6619718309859155,1,,,,0.35,0.35,0.85
734,SPH+CPI,5,0.7333333333333333,1.768181818181818,1,,,,0.35,0.35,0.85
735,SPH+CPI,6,0.7533333333333333,1.8805309734513274,1,,,,0.35,0.35,0.85
736,SPH+CPI,7,0.77,1.9913419913419914,1,,,,0.35,0.35,0.85
737,SPH+CPI,8,0.7833333333333333,2.0936170212765957,1,,,,0.35,0.35,0.85
738,SPH+CPI,9,0.8,2.2375,1,,,,0.35,0.35,0.85
739,SPH+CPI,10,0.8033333333333333,2.2697095435684647,1,,,,0.35,0.35,0.85
740,SPH+CPI,1,0.45666666666666667,1.0,1,,,,0.35,0.35,0.9
741,SPH+CPI,2,0.5866666666666667,1.2215909090909092,1,,,,0.35,0.35,0.9
742,SPH+CPI,3,0.6666666666666666,1.435,1,,,,0.35,0.35,0.9
743,SPH+CPI,4,0.7033333333333334,1.5687203791469195,1,,,,0.35,0.35,0.9
744,SPH+CPI,5,0.7233333333333334,1.663594470046083,1,,,,0.35,0.35,0.9
745,SPH+CPI,6,0.75,1.8177777777777777,1,,,,0.35,0.35,0.9
746,SPH+CPI,7,0.77,1.9523809523809523,1,,,,0.35,0.35,0.9
747,SPH+CPI,8,0.7833333333333333,2.0553191489361704,1,,,,0.35,0.35,0.9
748,SPH+CPI,9,0.7933333333333333,2.142857142857143,1,,,,0.35,0.35,0.9
749,SPH+CPI,10,0.8033333333333333,2.240663900414938,1,,,,0.35,0.35,0.9
750,SPH+CPI,1,0.4766666666666667,1.0,1,,,,0.35,0.4,0.7
751,SPH+CPI,2,0.5633333333333334,1.1538461538461537,1,,,,0.35,0.4,0.7
752,SPH+CPI,3,0.6766666666666666,1.4630541871921183,1,,,,0.35,0.4,0.7
753,SPH+CPI,4,0.7066666666666667,1.570754716981132,1,,,,0.35,0.4,0.7
754,SPH+CPI,5,0.7366666666666667,1.7104072398190044,1,,,,0.35,0.4,0.7
755,SPH+CPI,6,0.7533333333333333,1.8053097345132743,1,,,,0.35,0.4,0.7
756,SPH+CPI,7,0.76,1.8508771929824561,1,,,,0.35,0.4,0.7
757,SPH+CPI,8,0.7866666666666666,2.059322033898305,1,,,,0.35,0.4,0.7
758,SPH+CPI,9,0.8,2.175,1,,,,0.35,0.4,0.7
759,SPH+CPI,10,0.8066666666666666,2.239669421487603,1,,,,0.35,0.4,0.7
760,SPH+CPI,1,0.4766666666666667,1.0,1,,,,0.35,0.4,0.75
761,SPH+CPI,2,0.5633333333333334,1.1538461538461537,1,,,,0.35,0.4,0.75
762,SPH+CPI,3,0.6766666666666666,1.4630541871921183,1,,,,0.35,0.4,0.75
763,SPH+CPI,4,0.7033333333333334,1.5592417061611374,1,,,,0.35,0.4,0.75
764,SPH+CPI,5,0.7333333333333333,1.7,1,,,,0.35,0.4,0.75
765,SPH+CPI,6,0.7533333333333333,1.8141592920353982,1,,,,0.35,0.4,0.75
766,SPH+CPI,7,0.76,1.8596491228070176,1,,,,0.35,0.4,0.75
767,SPH+CPI,8,0.7866666666666666,2.0677966101694913,1,,,,0.35,0.4,0.75
768,SPH+CPI,9,0.8,2.183333333333333,1,,,,0.35,0.4,0.75
769,SPH+CPI,10,0.8066666666666666,2.2479338842975207,1,,,,0.35,0.4,0.75
770,SPH+CPI,1,0.45666666666666667,1.0,1,,,,0.35,0.4,0.8
771,SPH+CPI,2,0.5666666666666667,1.1941176470588235,1,,,,0.35,0.4,0.8
772,SPH+CPI,3,0.6633333333333333,1.4572864321608041,1,,,,0.35,0.4,0.8
773,SPH+CPI,4,0.7166666666666667,1.6465116279069767,1,,,,0.35,0.4,0.8
774,SPH+CPI,5,0.7433333333333333,1.7668161434977578,1,,,,0.35,0.4,0.8
775,SPH+CPI,6,0.76,1.8596491228070176,1,,,,0.35,0.4,0.8
776,SPH+CPI,7,0.7766666666666666,1.9699570815450644,1,,,,0.35,0.4,0.8
777,SPH+CPI,8,0.7933333333333333,2.096638655462185,1,,,,0.35,0.4,0.8
778,SPH+CPI,9,0.8066666666666666,2.2107438016528924,1,,,,0.35,0.4,0.8
779,SPH+CPI,10,0.81,2.242798353909465,1,,,,0.35,0.4,0.8
780,SPH+CPI,1,0.4533333333333333,1.0,1,,,,0.35,0.4,0.85
781,SPH+CPI,2,0.5633333333333334,1.1952662721893492,1,,,,0.35,0.4,0.85
782,SPH+CPI,3,0.6566666666666666,1.4517766497461928,1,,,,0.35,0.4,0.85
783,SPH+CPI,4,0.71,1.6431924882629108,1,,,,0.35,0.4,0.85
784,SPH+CPI,5,0.7333333333333333,1.75,1,,,,0.35,0.4,0.85
785,SPH+CPI,6,0.7533333333333333,1.8628318584070795,1,,,,0.35,0.4,0.85
786,SPH+CPI,7,0.77,1.974025974025974,1,,,,0.35,0.4,0.85
787,SPH+CPI,8,0.7833333333333333,2.076595744680851,1,,,,0.35,0.4,0.85
788,SPH+CPI,9,0.8,2.220833333333333,1,,,,0.35,0.4,0.85
789,SPH+CPI,10,0.8033333333333333,2.2531120331950207,1,,,,0.35,0.4,0.85
790,SPH+CPI,1,0.4633333333333333,1.0,1,,,,0.35,0.4,0.9
791,SPH+CPI,2,0.59,1.2146892655367232,1,,,,0.35,0.4,0.9
792,SPH+CPI,3,0.67,1.427860696517413,1,,,,0.35,0.4,0.9
793,SPH+CPI,4,0.7033333333333334,1.5497630331753554,1,,,,0.35,0.4,0.9
794,SPH+CPI,5,0.7233333333333334,1.6451612903225807,1,,,,0.35,0.4,0.9
795,SPH+CPI,6,0.75,1.8,1,,,,0.35,0.4,0.9
796,SPH+CPI,7,0.77,1.9350649350649352,1,,,,0.35,0.4,0.9
797,SPH+CPI,8,0.7833333333333333,2.0382978723404257,1,,,,0.35,0.4,0.9
798,SPH+CPI,9,0.7933333333333333,2.1260504201680672,1,,,,0.35,0.4,0.9
799,SPH+CPI,10,0.8033333333333333,2.224066390041494,1,,,,0.35,0.4,0.9
800,SPH+CPI,1,0.44666666666666666,1.0,1,,,,0.4,0.3,0.7
801,SPH+CPI,2,0.5633333333333334,1.2071005917159763,1,,,,0.4,0.3,0.7
802,SPH+CPI,3,0.6766666666666666,1.5073891625615763,1,,,,0.4,0.3,0.7
803,SPH+CPI,4,0.7133333333333334,1.6355140186915889,1,,,,0.4,0.3,0.7
804,SPH+CPI,5,0.7366666666666667,1.742081447963801,1,,,,0.4,0.3,0.7
805,SPH+CPI,6,0.7533333333333333,1.836283185840708,1,,,,0.4,0.3,0.7
806,SPH+CPI,7,0.76,1.881578947368421,1,,,,0.4,0.3,0.7
807,SPH+CPI,8,0.7866666666666666,2.0889830508474576,1,,,,0.4,0.3,0.7
808,SPH+CPI,9,0.8,2.2041666666666666,1,,,,0.4,0.3,0.7
809,SPH+CPI,10,0.8066666666666666,2.268595041322314,1,,,,0.4,0.3,0.7
810,SPH+CPI,1,0.44666666666666666,1.0,1,,,,0.4,0.3,0.75
811,SPH+CPI,2,0.5633333333333334,1.2071005917159763,1,,,,0.4,0.3,0.75
812,SPH+CPI,3,0.6766666666666666,1.5073891625615763,1,,,,0.4,0.3,0.75
813,SPH+CPI,4,0.71,1.624413145539906,1,,,,0.4,0.3,0.75
814,SPH+CPI,5,0.7333333333333333,1.731818181818182,1,,,,0.4,0.3,0.75
815,SPH+CPI,6,0.7533333333333333,1.845132743362832,1,,,,0.4,0.3,0.75
816,SPH+CPI,7,0.76,1.8903508771929824,1,,,,0.4,0.3,0.75
817,SPH+CPI,8,0.7866666666666666,2.097457627118644,1,,,,0.4,0.3,0.75
818,SPH+CPI,9,0.8,2.2125,1,,,,0.4,0.3,0.75
819,SPH+CPI,10,0.8066666666666666,2.2768595041322315,1,,,,0.4,0.3,0.75
820,SPH+CPI,1,0.4266666666666667,1.0,1,,,,0.4,0.3,0.8
821,SPH+CPI,2,0.5666666666666667,1.2470588235294118,1,,,,0.4,0.3,0.8
822,SPH+CPI,3,0.6633333333333333,1.5025125628140703,1,,,,0.4,0.3,0.8
823,SPH+CPI,4,0.7233333333333334,1.7096774193548387,1,,,,0.4,0.3,0.8
824,SPH+CPI,5,0.7433333333333333,1.798206278026906,1,,,,0.4,0.3,0.8
825,SPH+CPI,6,0.76,1.8903508771929824,1,,,,0.4,0.3,0.8
826,SPH+CPI,7,0.7766666666666666,2.0,1,,,,0.4,0.3,0.8
827,SPH+CPI,8,0.7933333333333333,2.1260504201680672,1,,,,0.4,0.3,0.8
828,SPH+CPI,9,0.8066666666666666,2.239669421487603,1,,,,0.4,0.3,0.8
829,SPH+CPI,10,0.81,2.271604938271605,1,,,,0.4,0.3,0.8
830,SPH+CPI,1,0.42333333333333334,1.0,1,,,,0.4,0.3,0.85
831,SPH+CPI,2,0.5633333333333334,1.2485207100591715,1,,,,0.4,0.3,0.85
832,SPH+CPI,3,0.6566666666666666,1.49746192893401,1,,,,0.4,0.3,0.85
833,SPH+CPI,4,0.7166666666666667,1.7069767441860466,1,,,,0.4,0.3,0.85
834,SPH+CPI,5,0.7333333333333333,1.7818181818181817,1,,,,0.4,0.3,0.85
835,SPH+CPI,6,0.7533333333333333,1.8938053097345133,1,,,,0.4,0.3,0.85
836,SPH+CPI,7,0.77,2.0043290043290045,1,,,,0.4,0.3,0.85
837,SPH+CPI,8,0.7833333333333333,2.106382978723404,1,,,,0.4,0.3,0.85
838,SPH+CPI,9,0.8,2.25,1,,,,0.4,0.3,0.85
839,SPH+CPI,10,0.8033333333333333,2.2821576763485476,1,,,,0.4,0.3,0.85
840,SPH+CPI,1,0.43333333333333335,1.0,1,,,,0.4,0.3,0.9
841,SPH+CPI,2,0.59,1.265536723163842,1,,,,0.4,0.3,0.9
842,SPH+CPI,3,0.67,1.472636815920398,1,,,,0.4,0.3,0.9
843,SPH+CPI,4,0.71,1.6150234741784038,1,,,,0.4,0.3,0.9
844,SPH+CPI,5,0.7233333333333334,1.6774193548387097,1,,,,0.4,0.3,0.9
845,SPH+CPI,6,0.75,1.8311111111111111,1,,,,0.4,0.3,0.9
846,SPH+CPI,7,0.77,1.9653679653679654,1,,,,0.4,0.3,0.9
847,SPH+CPI,8,0.7833333333333333,2.068085106382979,1,,,,0.4,0.3,0.9
848,SPH+CPI,9,0.7933333333333333,2.1554621848739495,1,,,,0.4,0.3,0.9
849,SPH+CPI,10,0.8033333333333333,2.2531120331950207,1,,,,0.4,0.3,0.9
850,SPH+CPI,1,0.47,1.0,1,,,,0.4,0.35,0.7
851,SPH+CPI,2,0.56,1.1607142857142858,1,,,,0.4,0.35,0.7
852,SPH+CPI,3,0.6733333333333333,1.4702970297029703,1,,,,0.4,0.35,0.7
853,SPH+CPI,4,0.7066666666666667,1.5896226415094339,1,,,,0.4,0.35,0.7
854,SPH+CPI,5,0.7366666666666667,1.7285067873303168,1,,,,0.4,0.35,0.7
855,SPH+CPI,6,0.7533333333333333,1.823008849557522,1,,,,0.4,0.35,0.7
856,SPH+CPI,7,0.76,1.868421052631579,1,,,,0.4,0.35,0.7
857,SPH+CPI,8,0.7866666666666666,2.0762711864406778,1,,,,0.4,0.35,0.7
858,SPH+CPI,9,0.8,2.191666666666667,1,,,,0.4,0.35,0.7
859,SPH+CPI,10,0.8066666666666666,2.256198347107438,1,,,,0.4,0.35,0.7
860,SPH+CPI,1,0.47,1.0,1,,,,0.4,0.35,0.75
861,SPH+CPI,2,0.56,1.1607142857142858,1,,,,0.4,0.35,0.75
862,SPH+CPI,3,0.6733333333333333,1.4702970297029703,1,,,,0.4,0.35,0.75
863,SPH+CPI,4,0.7033333333333334,1.5781990521327014,1,,,,0.4,0.35,0.75
864,SPH+CPI,5,0.7333333333333333,1.7181818181818183,1,,,,0.4,0.35,0.75
865,SPH+CPI,6,0.7533333333333333,1.831858407079646,1,,,,0.4,0.35,0.75
866,SPH+CPI,7,0.76,1.8771929824561404,1,,,,0.4,0.35,0.75
867,SPH+CPI,8,0.7866666666666666,2.0847457627118646,1,,,,0.4,0.35,0.75
868,SPH+CPI,9,0.8,2.2,1,,,,0.4,0.35,0.75
869,SPH+CPI,10,0.8066666666666666,2.2644628099173554,1,,,,0.4,0.35,0.75
870,SPH+CPI,1,0.45,1.0,1,,,,0.4,0.35,0.8
871,SPH+CPI,2,0.5633333333333334,1.2011834319526626,1,,,,0.4,0.35,0.8
872,SPH+CPI,3,0.66,1.4646464646464648,1,,,,0.4,0.35,0.8
873,SPH+CPI,4,0.7166666666666667,1.6651162790697673,1,,,,0.4,0.35,0.8
874,SPH+CPI,5,0.7433333333333333,1.7847533632286996,1,,,,0.4,0.35,0.8
875,SPH+CPI,6,0.76,1.8771929824561404,1,,,,0.4,0.35,0.8
876,SPH+CPI,7,0.7766666666666666,1.9871244635193133,1,,,,0.4,0.35,0.8
877,SPH+CPI,8,0.7933333333333333,2.1134453781512605,1,,,,0.4,0.35,0.8
878,SPH+CPI,9,0.8066666666666666,2.227272727272727,1,,,,0.4,0.35,0.8
879,SPH+CPI,10,0.81,2.259259259259259,1,,,,0.4,0.35,0.8
880,SPH+CPI,1,0.44666666666666666,1.0,1,,,,0.4,0.35,0.85
881,SPH+CPI,2,0.56,1.2023809523809523,1,,,,0.4,0.35,0.85
882,SPH+CPI,3,0.6533333333333333,1.4591836734693877,1,,,,0.4,0.35,0.85
883,SPH+CPI,4,0.71,1.6619718309859155,1,,,,0.4,0.35,0.85
884,SPH+CPI,5,0.7333333333333333,1.768181818181818,1,,,,0.4,0.35,0.85
885,SPH+CPI,6,0.7533333333333333,1.8805309734513274,1,,,,0.4,0.35,0.85
886,SPH+CPI,7,0.77,1.9913419913419914,1,,,,0.4,0.35,0.85
887,SPH+CPI,8,0.7833333333333333,2.0936170212765957,1,,,,0.4,0.35,0.85
888,SPH+CPI,9,0.8,2.2375,1,,,,0.4,0.35,0.85
889,SPH+CPI,10,0.8033333333333333,2.2697095435684647,1,,,,0.4,0.35,0.85
890,SPH+CPI,1,0.45666666666666667,1.0,1,,,,0.4,0.35,0.9
891,SPH+CPI,2,0.5866666666666667,1.2215909090909092,1,,,,0.4,0.35,0.9
892,SPH+CPI,3,0.6666666666666666,1.435,1,,,,0.4,0.35,0.9
893,SPH+CPI,4,0.7033333333333334,1.5687203791469195,1,,,,0.4,0.35,0.9
894,SPH+CPI,5,0.7233333333333334,1.663594470046083,1,,,,0.4,0.35,0.9
895,SPH+CPI,6,0.75,1.8177777777777777,1,,,,0.4,0.35,0.9
896,SPH+CPI,7,0.77,1.9523809523809523,1,,,,0.4,0.35,0.9
897,SPH+CPI,8,0.7833333333333333,2.0553191489361704,1,,,,0.4,0.35,0.9
898,SPH+CPI,9,0.7933333333333333,2.142857142857143,1,,,,0.4,0.35,0.9
899,SPH+CPI,10,0.8033333333333333,2.240663900414938,1,,,,0.4,0.35,0.9
900,SPH+CPI,1,0.4766666666666667,1.0,1,,,,0.4,0.4,0.7
901,SPH+CPI,2,0.5633333333333334,1.1538461538461537,1,,,,0.4,0.4,0.7
902,SPH+CPI,3,0.6766666666666666,1.4630541871921183,1,,,,0.4,0.4,0.7
903,SPH+CPI,4,0.7066666666666667,1.570754716981132,1,,,,0.4,0.4,0.7
904,SPH+CPI,5,0.7366666666666667,1.7104072398190044,1,,,,0.4,0.4,0.7
905,SPH+CPI,6,0.7533333333333333,1.8053097345132743,1,,,,0.4,0.4,0.7
906,SPH+CPI,7,0.76,1.8508771929824561,1,,,,0.4,0.4,0.7
907,SPH+CPI,8,0.7866666666666666,2.059322033898305,1,,,,0.4,0.4,0.7
908,SPH+CPI,9,0.8,2.175,1,,,,0.4,0.4,0.7
909,SPH+CPI,10,0.8066666666666666,2.239669421487603,1,,,,0.4,0.4,0.7
910,SPH+CPI,1,0.4766666666666667,1.0,1,,,,0.4,0.4,0.75
911,SPH+CPI,2,0.5633333333333334,1.1538461538461537,1,,,,0.4,0.4,0.75
912,SPH+CPI,3,0.6766666666666666,1.4630541871921183,1,,,,0.4,0.4,0.75
913,SPH+CPI,4,0.7033333333333334,1.5592417061611374,1,,,,0.4,0.4,0.75
914,SPH+CPI,5,0.7333333333333333,1.7,1,,,,0.4,0.4,0.75
915,SPH+CPI,6,0.7533333333333333,1.8141592920353982,1,,,,0.4,0.4,0.75
916,SPH+CPI,7,0.76,1.8596491228070176,1,,,,0.4,0.4,0.75
917,SPH+CPI,8,0.7866666666666666,2.0677966101694913,1,,,,0.4,0.4,0.75
918,SPH+CPI,9,0.8,2.183333333333333,1,,,,0.4,0.4,0.75
919,SPH+CPI,10,0.8066666666666666,2.2479338842975207,1,,,,0.4,0.4,0.75
920,SPH+CPI,1,0.45666666666666667,1.0,1,,,,0.4,0.4,0.8
921,SPH+CPI,2,0.5666666666666667,1.1941176470588235,1,,,,0.4,0.4,0.8
922,SPH+CPI,3,0.6633333333333333,1.4572864321608041,1,,,,0.4,0.4,0.8
923,SPH+CPI,4,0.7166666666666667,1.6465116279069767,1,,,,0.4,0.4,0.8
924,SPH+CPI,5,0.7433333333333333,1.7668161434977578,1,,,,0.4,0.4,0.8
925,SPH+CPI,6,0.76,1.8596491228070176,1,,,,0.4,0.4,0.8
926,SPH+CPI,7,0.7766666666666666,1.9699570815450644,1,,,,0.4,0.4,0.8
927,SPH+CPI,8,0.7933333333333333,2.096638655462185,1,,,,0.4,0.4,0.8
928,SPH+CPI,9,0.8066666666666666,2.2107438016528924,1,,,,0.4,0.4,0.8
929,SPH+CPI,10,0.81,2.242798353909465,1,,,,0.4,0.4,0.8
930,SPH+CPI,1,0.4533333333333333,1.0,1,,,,0.4,0.4,0.85
931,SPH+CPI,2,0.5633333333333334,1.1952662721893492,1,,,,0.4,0.4,0.85
932,SPH+CPI,3,0.6566666666666666,1.4517766497461928,1,,,,0.4,0.4,0.85
933,SPH+CPI,4,0.71,1.6431924882629108,1,,,,0.4,0.4,0.85
934,SPH+CPI,5,0.7333333333333333,1.75,1,,,,0.4,0.4,0.85
935,SPH+CPI,6,0.7533333333333333,1.8628318584070795,1,,,,0.4,0.4,0.85
936,SPH+CPI,7,0.77,1.974025974025974,1,,,,0.4,0.4,0.85
937,SPH+CPI,8,0.7833333333333333,2.076595744680851,1,,,,0.4,0.4,0.85
938,SPH+CPI,9,0.8,2.220833333333333,1,,,,0.4,0.4,0.85
939,SPH+CPI,10,0.8033333333333333,2.2531120331950207,1,,,,0.4,0.4,0.85
940,SPH+CPI,1,0.4633333333333333,1.0,1,,,,0.4,0.4,0.9
941,SPH+CPI,2,0.59,1.2146892655367232,1,,,,0.4,0.4,0.9
942,SPH+CPI,3,0.67,1.427860696517413,1,,,,0.4,0.4,0.9
943,SPH+CPI,4,0.7033333333333334,1.5497630331753554,1,,,,0.4,0.4,0.9
944,SPH+CPI,5,0.7233333333333334,1.6451612903225807,1,,,,0.4,0.4,0.9
945,SPH+CPI,6,0.75,1.8,1,,,,0.4,0.4,0.9
946,SPH+CPI,7,0.77,1.9350649350649352,1,,,,0.4,0.4,0.9
947,SPH+CPI,8,0.7833333333333333,2.0382978723404257,1,,,,0.4,0.4,0.9
948,SPH+CPI,9,0.7933333333333333,2.1260504201680672,1,,,,0.4,0.4,0.9
949,SPH+CPI,10,0.8033333333333333,2.224066390041494,1,,,,0.4,0.4,0.9
950,RF,1,0.4066666666666667,1.0,1,,,,,,
951,RF,2,0.5333333333333333,1.2375,1,,,,,,
952,RF,3,0.6033333333333334,1.441988950276243,1,,,,,,
953,RF,4,0.6566666666666666,1.649746192893401,1,,,,,,
954,RF,5,0.6866666666666666,1.796116504854369,1,,,,,,
955,RF,6,0.72,1.9907407407407407,1,,,,,,
956,RF,7,0.7333333333333333,2.081818181818182,1,,,,,,
957,RF,8,0.7566666666666667,2.26431718061674,1,,,,,,
958,RF,9,0.7733333333333333,2.4094827586206895,1,,,,,,
959,RF,10,0.8,2.6625,1,,,,,,
