R_e,A@e,Method,RA@e,gini,p value,Run,SPH Executed,info loss,SPH A@1,CPI A@1,Avg Acc SPH+CPI,Avg RA
1,0.23333333333333334,SPH,1.0,-1.0,-1.0,1.0,8.0,0.35,,,,
2,0.37666666666666665,SPH,1.3805309734513274,-1.0,-1.0,1.0,8.0,0.35,,,,
3,0.4533333333333333,SPH,1.6544117647058822,-1.0,-1.0,1.0,8.0,0.35,,,,
4,0.5033333333333333,SPH,1.8874172185430464,-1.0,-1.0,1.0,8.0,0.35,,,,
5,0.53,SPH,2.0440251572327046,-1.0,-1.0,1.0,8.0,0.35,,,,
6,0.5666666666666667,SPH,2.3,-1.0,-1.0,1.0,8.0,0.35,,,,
7,0.6033333333333334,SPH,2.585635359116022,-1.0,-1.0,1.0,8.0,0.35,,,,
8,0.63,SPH,2.814814814814815,-1.0,-1.0,1.0,8.0,0.35,,,,
9,0.6466666666666666,SPH,2.9742268041237114,-1.0,-1.0,1.0,8.0,0.35,,,,
10,0.66,SPH,3.1161616161616164,-1.0,-1.0,1.0,8.0,0.35,,,,
1,0.18666666666666668,RF+B,1.0,-1.0,-1.0,1.0,8.0,,,,,
2,0.27666666666666667,RF+B,1.3253012048192772,-1.0,-1.0,1.0,8.0,,,,,
3,0.38,RF+B,1.780701754385965,-1.0,-1.0,1.0,8.0,,,,,
4,0.42333333333333334,RF+B,2.0078740157480315,-1.0,-1.0,1.0,8.0,,,,,
5,0.4766666666666667,RF+B,2.3426573426573425,-1.0,-1.0,1.0,8.0,,,,,
6,0.5133333333333333,RF+B,2.603896103896104,-1.0,-1.0,1.0,8.0,,,,,
7,0.5366666666666666,RF+B,2.7950310559006213,-1.0,-1.0,1.0,8.0,,,,,
8,0.58,RF+B,3.1839080459770117,-1.0,-1.0,1.0,8.0,,,,,
9,0.59,RF+B,3.2824858757062145,-1.0,-1.0,1.0,8.0,,,,,
10,0.61,RF+B,3.5027322404371586,-1.0,-1.0,1.0,8.0,,,,,
1,0.2,CPI,1.0,0.3,0.7,,,,,,,
2,0.3233333333333333,CPI,1.3814432989690721,0.3,0.7,,,,,,,
3,0.37333333333333335,CPI,1.5982142857142858,0.3,0.7,,,,,,,
4,0.4,CPI,1.7583333333333333,0.3,0.7,,,,,,,
5,0.43666666666666665,CPI,2.030534351145038,0.3,0.7,,,,,,,
6,0.46,CPI,2.2318840579710146,0.3,0.7,,,,,,,
7,0.47333333333333333,CPI,2.3661971830985915,0.3,0.7,,,,,,,
8,0.49666666666666665,CPI,2.6308724832214767,0.3,0.7,,,,,,,
9,0.5233333333333333,CPI,2.9554140127388533,0.3,0.7,,,,,,,
10,0.5366666666666666,CPI,3.130434782608696,0.3,0.7,,,,,,,
1,0.22666666666666666,Tailored Approach,1.0,0.3,0.7,1.0,8.0,0.35,0.23333333333333334,0.2,0.524,2.2169478279035486
2,0.37333333333333335,Tailored Approach,1.3928571428571428,0.3,0.7,1.0,8.0,0.35,0.23333333333333334,0.2,0.524,2.2169478279035486
3,0.4633333333333333,Tailored Approach,1.7050359712230216,0.3,0.7,1.0,8.0,0.35,0.23333333333333334,0.2,0.524,2.2169478279035486
4,0.5,Tailored Approach,1.8733333333333333,0.3,0.7,1.0,8.0,0.35,0.23333333333333334,0.2,0.524,2.2169478279035486
5,0.5266666666666666,Tailored Approach,2.0316455696202533,0.3,0.7,1.0,8.0,0.35,0.23333333333333334,0.2,0.524,2.2169478279035486
6,0.5633333333333334,Tailored Approach,2.289940828402367,0.3,0.7,1.0,8.0,0.35,0.23333333333333334,0.2,0.524,2.2169478279035486
7,0.6133333333333333,Tailored Approach,2.6739130434782608,0.3,0.7,1.0,8.0,0.35,0.23333333333333334,0.2,0.524,2.2169478279035486
8,0.64,Tailored Approach,2.8958333333333335,0.3,0.7,1.0,8.0,0.35,0.23333333333333334,0.2,0.524,2.2169478279035486
9,0.6566666666666666,Tailored Approach,3.050761421319797,0.3,0.7,1.0,8.0,0.35,0.23333333333333334,0.2,0.524,2.2169478279035486
10,0.6766666666666666,Tailored Approach,3.2561576354679804,0.3,0.7,1.0,8.0,0.35,0.23333333333333334,0.2,0.524,2.2169478279035486
1,0.18333333333333332,CPI,1.0,0.3,0.8,,,,,,,
2,0.27,CPI,1.3209876543209877,0.3,0.8,,,,,,,
3,0.32666666666666666,CPI,1.6122448979591837,0.3,0.8,,,,,,,
4,0.38,CPI,1.9473684210526316,0.3,0.8,,,,,,,
5,0.41,CPI,2.1707317073170733,0.3,0.8,,,,,,,
6,0.44,CPI,2.4318181818181817,0.3,0.8,,,,,,,
7,0.48333333333333334,CPI,2.8413793103448275,0.3,0.8,,,,,,,
8,0.51,CPI,3.111111111111111,0.3,0.8,,,,,,,
9,0.5566666666666666,CPI,3.604790419161677,0.3,0.8,,,,,,,
10,0.59,CPI,3.9661016949152543,0.3,0.8,,,,,,,
1,0.22,Tailored Approach,1.0,0.3,0.8,1.0,8.0,0.35,0.23333333333333334,0.18333333333333332,0.5193333333333333,2.2293056037800625
2,0.37,Tailored Approach,1.4054054054054055,0.3,0.8,1.0,8.0,0.35,0.23333333333333334,0.18333333333333332,0.5193333333333333,2.2293056037800625
3,0.46,Tailored Approach,1.7173913043478262,0.3,0.8,1.0,8.0,0.35,0.23333333333333334,0.18333333333333332,0.5193333333333333,2.2293056037800625
4,0.49666666666666665,Tailored Approach,1.8859060402684564,0.3,0.8,1.0,8.0,0.35,0.23333333333333334,0.18333333333333332,0.5193333333333333,2.2293056037800625
5,0.52,Tailored Approach,2.0256410256410255,0.3,0.8,1.0,8.0,0.35,0.23333333333333334,0.18333333333333332,0.5193333333333333,2.2293056037800625
6,0.5566666666666666,Tailored Approach,2.287425149700599,0.3,0.8,1.0,8.0,0.35,0.23333333333333334,0.18333333333333332,0.5193333333333333,2.2293056037800625
7,0.6066666666666667,Tailored Approach,2.6758241758241756,0.3,0.8,1.0,8.0,0.35,0.23333333333333334,0.18333333333333332,0.5193333333333333,2.2293056037800625
8,0.6366666666666667,Tailored Approach,2.926701570680628,0.3,0.8,1.0,8.0,0.35,0.23333333333333334,0.18333333333333332,0.5193333333333333,2.2293056037800625
9,0.6533333333333333,Tailored Approach,3.0816326530612246,0.3,0.8,1.0,8.0,0.35,0.23333333333333334,0.18333333333333332,0.5193333333333333,2.2293056037800625
10,0.6733333333333333,Tailored Approach,3.287128712871287,0.3,0.8,1.0,8.0,0.35,0.23333333333333334,0.18333333333333332,0.5193333333333333,2.2293056037800625
1,0.18333333333333332,CPI,1.0,0.3,0.75,,,,,,,
2,0.27,CPI,1.3209876543209877,0.3,0.75,,,,,,,
3,0.32666666666666666,CPI,1.6122448979591837,0.3,0.75,,,,,,,
4,0.38,CPI,1.9473684210526316,0.3,0.75,,,,,,,
5,0.41,CPI,2.1707317073170733,0.3,0.75,,,,,,,
6,0.44,CPI,2.4318181818181817,0.3,0.75,,,,,,,
7,0.48333333333333334,CPI,2.8413793103448275,0.3,0.75,,,,,,,
8,0.51,CPI,3.111111111111111,0.3,0.75,,,,,,,
9,0.5566666666666666,CPI,3.604790419161677,0.3,0.75,,,,,,,
10,0.59,CPI,3.9661016949152543,0.3,0.75,,,,,,,
1,0.22,Tailored Approach,1.0,0.3,0.75,1.0,8.0,0.35,0.23333333333333334,0.18333333333333332,0.5193333333333333,2.2293056037800625
2,0.37,Tailored Approach,1.4054054054054055,0.3,0.75,1.0,8.0,0.35,0.23333333333333334,0.18333333333333332,0.5193333333333333,2.2293056037800625
3,0.46,Tailored Approach,1.7173913043478262,0.3,0.75,1.0,8.0,0.35,0.23333333333333334,0.18333333333333332,0.5193333333333333,2.2293056037800625
4,0.49666666666666665,Tailored Approach,1.8859060402684564,0.3,0.75,1.0,8.0,0.35,0.23333333333333334,0.18333333333333332,0.5193333333333333,2.2293056037800625
5,0.52,Tailored Approach,2.0256410256410255,0.3,0.75,1.0,8.0,0.35,0.23333333333333334,0.18333333333333332,0.5193333333333333,2.2293056037800625
6,0.5566666666666666,Tailored Approach,2.287425149700599,0.3,0.75,1.0,8.0,0.35,0.23333333333333334,0.18333333333333332,0.5193333333333333,2.2293056037800625
7,0.6066666666666667,Tailored Approach,2.6758241758241756,0.3,0.75,1.0,8.0,0.35,0.23333333333333334,0.18333333333333332,0.5193333333333333,2.2293056037800625
8,0.6366666666666667,Tailored Approach,2.926701570680628,0.3,0.75,1.0,8.0,0.35,0.23333333333333334,0.18333333333333332,0.5193333333333333,2.2293056037800625
9,0.6533333333333333,Tailored Approach,3.0816326530612246,0.3,0.75,1.0,8.0,0.35,0.23333333333333334,0.18333333333333332,0.5193333333333333,2.2293056037800625
10,0.6733333333333333,Tailored Approach,3.287128712871287,0.3,0.75,1.0,8.0,0.35,0.23333333333333334,0.18333333333333332,0.5193333333333333,2.2293056037800625
1,0.14666666666666667,CPI,1.0,0.3,0.85,,,,,,,
2,0.24333333333333335,CPI,1.3972602739726028,0.3,0.85,,,,,,,
3,0.30333333333333334,CPI,1.7142857142857142,0.3,0.85,,,,,,,
4,0.3466666666666667,CPI,2.0,0.3,0.85,,,,,,,
5,0.38666666666666666,CPI,2.310344827586207,0.3,0.85,,,,,,,
6,0.4166666666666667,CPI,2.576,0.3,0.85,,,,,,,
7,0.43,CPI,2.7131782945736433,0.3,0.85,,,,,,,
8,0.45666666666666667,CPI,3.021897810218978,0.3,0.85,,,,,,,
9,0.48,CPI,3.3125,0.3,0.85,,,,,,,
10,0.5033333333333333,CPI,3.622516556291391,0.3,0.85,,,,,,,
1,0.22,Tailored Approach,1.0,0.3,0.85,1.0,8.0,0.35,0.23333333333333334,0.14666666666666667,0.5166666666666667,2.2175013147063685
2,0.36666666666666664,Tailored Approach,1.4,0.3,0.85,1.0,8.0,0.35,0.23333333333333334,0.14666666666666667,0.5166666666666667,2.2175013147063685
3,0.46,Tailored Approach,1.7246376811594204,0.3,0.85,1.0,8.0,0.35,0.23333333333333334,0.14666666666666667,0.5166666666666667,2.2175013147063685
4,0.49666666666666665,Tailored Approach,1.8926174496644295,0.3,0.85,1.0,8.0,0.35,0.23333333333333334,0.14666666666666667,0.5166666666666667,2.2175013147063685
5,0.52,Tailored Approach,2.032051282051282,0.3,0.85,1.0,8.0,0.35,0.23333333333333334,0.14666666666666667,0.5166666666666667,2.2175013147063685
6,0.5566666666666666,Tailored Approach,2.2934131736526946,0.3,0.85,1.0,8.0,0.35,0.23333333333333334,0.14666666666666667,0.5166666666666667,2.2175013147063685
7,0.6033333333333334,Tailored Approach,2.657458563535912,0.3,0.85,1.0,8.0,0.35,0.23333333333333334,0.14666666666666667,0.5166666666666667,2.2175013147063685
8,0.63,Tailored Approach,2.8835978835978837,0.3,0.85,1.0,8.0,0.35,0.23333333333333334,0.14666666666666667,0.5166666666666667,2.2175013147063685
9,0.6466666666666666,Tailored Approach,3.0412371134020617,0.3,0.85,1.0,8.0,0.35,0.23333333333333334,0.14666666666666667,0.5166666666666667,2.2175013147063685
10,0.6666666666666666,Tailored Approach,3.25,0.3,0.85,1.0,8.0,0.35,0.23333333333333334,0.14666666666666667,0.5166666666666667,2.2175013147063685
1,0.2,CPI,1.0,0.2,0.7,,,,,,,
2,0.3233333333333333,CPI,1.3814432989690721,0.2,0.7,,,,,,,
3,0.37333333333333335,CPI,1.5982142857142858,0.2,0.7,,,,,,,
4,0.4,CPI,1.7583333333333333,0.2,0.7,,,,,,,
5,0.43666666666666665,CPI,2.030534351145038,0.2,0.7,,,,,,,
6,0.46,CPI,2.2318840579710146,0.2,0.7,,,,,,,
7,0.47333333333333333,CPI,2.3661971830985915,0.2,0.7,,,,,,,
8,0.49666666666666665,CPI,2.6308724832214767,0.2,0.7,,,,,,,
9,0.5233333333333333,CPI,2.9554140127388533,0.2,0.7,,,,,,,
10,0.5366666666666666,CPI,3.130434782608696,0.2,0.7,,,,,,,
1,0.23,Tailored Approach,1.0,0.2,0.7,1.0,8.0,0.35,0.23333333333333334,0.2,0.5186666666666666,2.203277034182702
2,0.36666666666666664,Tailored Approach,1.3727272727272728,0.2,0.7,1.0,8.0,0.35,0.23333333333333334,0.2,0.5186666666666666,2.203277034182702
3,0.46,Tailored Approach,1.7028985507246377,0.2,0.7,1.0,8.0,0.35,0.23333333333333334,0.2,0.5186666666666666,2.203277034182702
4,0.49666666666666665,Tailored Approach,1.8724832214765101,0.2,0.7,1.0,8.0,0.35,0.23333333333333334,0.2,0.5186666666666666,2.203277034182702
5,0.5233333333333333,Tailored Approach,2.031847133757962,0.2,0.7,1.0,8.0,0.35,0.23333333333333334,0.2,0.5186666666666666,2.203277034182702
6,0.56,Tailored Approach,2.2916666666666665,0.2,0.7,1.0,8.0,0.35,0.23333333333333334,0.2,0.5186666666666666,2.203277034182702
7,0.6033333333333334,Tailored Approach,2.6298342541436464,0.2,0.7,1.0,8.0,0.35,0.23333333333333334,0.2,0.5186666666666666,2.203277034182702
8,0.63,Tailored Approach,2.857142857142857,0.2,0.7,1.0,8.0,0.35,0.23333333333333334,0.2,0.5186666666666666,2.203277034182702
9,0.6466666666666666,Tailored Approach,3.015463917525773,0.2,0.7,1.0,8.0,0.35,0.23333333333333334,0.2,0.5186666666666666,2.203277034182702
10,0.67,Tailored Approach,3.2587064676616917,0.2,0.7,1.0,8.0,0.35,0.23333333333333334,0.2,0.5186666666666666,2.203277034182702
1,0.18333333333333332,CPI,1.0,0.2,0.8,,,,,,,
2,0.27,CPI,1.3209876543209877,0.2,0.8,,,,,,,
3,0.32666666666666666,CPI,1.6122448979591837,0.2,0.8,,,,,,,
4,0.38,CPI,1.9473684210526316,0.2,0.8,,,,,,,
5,0.41,CPI,2.1707317073170733,0.2,0.8,,,,,,,
6,0.44,CPI,2.4318181818181817,0.2,0.8,,,,,,,
7,0.48333333333333334,CPI,2.8413793103448275,0.2,0.8,,,,,,,
8,0.51,CPI,3.111111111111111,0.2,0.8,,,,,,,
9,0.5566666666666666,CPI,3.604790419161677,0.2,0.8,,,,,,,
10,0.59,CPI,3.9661016949152543,0.2,0.8,,,,,,,
1,0.22,Tailored Approach,1.0,0.2,0.8,1.0,8.0,0.35,0.23333333333333334,0.18333333333333332,0.5146666666666667,2.214124668399692
2,0.36333333333333334,Tailored Approach,1.3944954128440368,0.2,0.8,1.0,8.0,0.35,0.23333333333333334,0.18333333333333332,0.5146666666666667,2.214124668399692
3,0.45666666666666667,Tailored Approach,1.7226277372262773,0.2,0.8,1.0,8.0,0.35,0.23333333333333334,0.18333333333333332,0.5146666666666667,2.214124668399692
4,0.5,Tailored Approach,1.92,0.2,0.8,1.0,8.0,0.35,0.23333333333333334,0.18333333333333332,0.5146666666666667,2.214124668399692
5,0.5233333333333333,Tailored Approach,2.0573248407643314,0.2,0.8,1.0,8.0,0.35,0.23333333333333334,0.18333333333333332,0.5146666666666667,2.214124668399692
6,0.5533333333333333,Tailored Approach,2.2710843373493974,0.2,0.8,1.0,8.0,0.35,0.23333333333333334,0.18333333333333332,0.5146666666666667,2.214124668399692
7,0.5966666666666667,Tailored Approach,2.6145251396648046,0.2,0.8,1.0,8.0,0.35,0.23333333333333334,0.18333333333333332,0.5146666666666667,2.214124668399692
8,0.6233333333333333,Tailored Approach,2.8449197860962565,0.2,0.8,1.0,8.0,0.35,0.23333333333333334,0.18333333333333332,0.5146666666666667,2.214124668399692
9,0.6433333333333333,Tailored Approach,3.0362694300518136,0.2,0.8,1.0,8.0,0.35,0.23333333333333334,0.18333333333333332,0.5146666666666667,2.214124668399692
10,0.6666666666666666,Tailored Approach,3.28,0.2,0.8,1.0,8.0,0.35,0.23333333333333334,0.18333333333333332,0.5146666666666667,2.214124668399692
1,0.18333333333333332,CPI,1.0,0.2,0.75,,,,,,,
2,0.27,CPI,1.3209876543209877,0.2,0.75,,,,,,,
3,0.32666666666666666,CPI,1.6122448979591837,0.2,0.75,,,,,,,
4,0.38,CPI,1.9473684210526316,0.2,0.75,,,,,,,
5,0.41,CPI,2.1707317073170733,0.2,0.75,,,,,,,
6,0.44,CPI,2.4318181818181817,0.2,0.75,,,,,,,
7,0.48333333333333334,CPI,2.8413793103448275,0.2,0.75,,,,,,,
8,0.51,CPI,3.111111111111111,0.2,0.75,,,,,,,
9,0.5566666666666666,CPI,3.604790419161677,0.2,0.75,,,,,,,
10,0.59,CPI,3.9661016949152543,0.2,0.75,,,,,,,
1,0.22333333333333333,Tailored Approach,1.0,0.2,0.75,1.0,8.0,0.35,0.23333333333333334,0.18333333333333332,0.5136666666666667,2.2185116233936326
2,0.36,Tailored Approach,1.3796296296296295,0.2,0.75,1.0,8.0,0.35,0.23333333333333334,0.18333333333333332,0.5136666666666667,2.2185116233936326
3,0.4533333333333333,Tailored Approach,1.713235294117647,0.2,0.75,1.0,8.0,0.35,0.23333333333333334,0.18333333333333332,0.5136666666666667,2.2185116233936326
4,0.49666666666666665,Tailored Approach,1.912751677852349,0.2,0.75,1.0,8.0,0.35,0.23333333333333334,0.18333333333333332,0.5136666666666667,2.2185116233936326
5,0.52,Tailored Approach,2.051282051282051,0.2,0.75,1.0,8.0,0.35,0.23333333333333334,0.18333333333333332,0.5136666666666667,2.2185116233936326
6,0.5533333333333333,Tailored Approach,2.289156626506024,0.2,0.75,1.0,8.0,0.35,0.23333333333333334,0.18333333333333332,0.5136666666666667,2.2185116233936326
7,0.5966666666666667,Tailored Approach,2.631284916201117,0.2,0.75,1.0,8.0,0.35,0.23333333333333334,0.18333333333333332,0.5136666666666667,2.2185116233936326
8,0.6233333333333333,Tailored Approach,2.8609625668449197,0.2,0.75,1.0,8.0,0.35,0.23333333333333334,0.18333333333333332,0.5136666666666667,2.2185116233936326
9,0.6433333333333333,Tailored Approach,3.051813471502591,0.2,0.75,1.0,8.0,0.35,0.23333333333333334,0.18333333333333332,0.5136666666666667,2.2185116233936326
10,0.6666666666666666,Tailored Approach,3.295,0.2,0.75,1.0,8.0,0.35,0.23333333333333334,0.18333333333333332,0.5136666666666667,2.2185116233936326
1,0.14666666666666667,CPI,1.0,0.2,0.85,,,,,,,
2,0.24333333333333335,CPI,1.3972602739726028,0.2,0.85,,,,,,,
3,0.30333333333333334,CPI,1.7142857142857142,0.2,0.85,,,,,,,
4,0.3466666666666667,CPI,2.0,0.2,0.85,,,,,,,
5,0.38666666666666666,CPI,2.310344827586207,0.2,0.85,,,,,,,
6,0.4166666666666667,CPI,2.576,0.2,0.85,,,,,,,
7,0.43,CPI,2.7131782945736433,0.2,0.85,,,,,,,
8,0.45666666666666667,CPI,3.021897810218978,0.2,0.85,,,,,,,
9,0.48,CPI,3.3125,0.2,0.85,,,,,,,
10,0.5033333333333333,CPI,3.622516556291391,0.2,0.85,,,,,,,
1,0.22,Tailored Approach,1.0,0.2,0.85,1.0,8.0,0.35,0.23333333333333334,0.14666666666666667,0.5133333333333333,2.2122867875496435
2,0.36,Tailored Approach,1.3888888888888888,0.2,0.85,1.0,8.0,0.35,0.23333333333333334,0.14666666666666667,0.5133333333333333,2.2122867875496435
3,0.45666666666666667,Tailored Approach,1.72992700729927,0.2,0.85,1.0,8.0,0.35,0.23333333333333334,0.14666666666666667,0.5133333333333333,2.2122867875496435
4,0.5,Tailored Approach,1.9266666666666667,0.2,0.85,1.0,8.0,0.35,0.23333333333333334,0.14666666666666667,0.5133333333333333,2.2122867875496435
5,0.5233333333333333,Tailored Approach,2.0636942675159236,0.2,0.85,1.0,8.0,0.35,0.23333333333333334,0.14666666666666667,0.5133333333333333,2.2122867875496435
6,0.5533333333333333,Tailored Approach,2.2771084337349397,0.2,0.85,1.0,8.0,0.35,0.23333333333333334,0.14666666666666667,0.5133333333333333,2.2122867875496435
7,0.5933333333333334,Tailored Approach,2.595505617977528,0.2,0.85,1.0,8.0,0.35,0.23333333333333334,0.14666666666666667,0.5133333333333333,2.2122867875496435
8,0.62,Tailored Approach,2.827956989247312,0.2,0.85,1.0,8.0,0.35,0.23333333333333334,0.14666666666666667,0.5133333333333333,2.2122867875496435
9,0.6433333333333333,Tailored Approach,3.051813471502591,0.2,0.85,1.0,8.0,0.35,0.23333333333333334,0.14666666666666667,0.5133333333333333,2.2122867875496435
10,0.6633333333333333,Tailored Approach,3.2613065326633164,0.2,0.85,1.0,8.0,0.35,0.23333333333333334,0.14666666666666667,0.5133333333333333,2.2122867875496435
1,0.2,CPI,1.0,0.4,0.7,,,,,,,
2,0.3233333333333333,CPI,1.3814432989690721,0.4,0.7,,,,,,,
3,0.37333333333333335,CPI,1.5982142857142858,0.4,0.7,,,,,,,
4,0.4,CPI,1.7583333333333333,0.4,0.7,,,,,,,
5,0.43666666666666665,CPI,2.030534351145038,0.4,0.7,,,,,,,
6,0.46,CPI,2.2318840579710146,0.4,0.7,,,,,,,
7,0.47333333333333333,CPI,2.3661971830985915,0.4,0.7,,,,,,,
8,0.49666666666666665,CPI,2.6308724832214767,0.4,0.7,,,,,,,
9,0.5233333333333333,CPI,2.9554140127388533,0.4,0.7,,,,,,,
10,0.5366666666666666,CPI,3.130434782608696,0.4,0.7,,,,,,,
1,0.22666666666666666,Tailored Approach,1.0,0.4,0.7,1.0,8.0,0.35,0.23333333333333334,0.2,0.5266666666666666,2.217005960883536
2,0.37333333333333335,Tailored Approach,1.3928571428571428,0.4,0.7,1.0,8.0,0.35,0.23333333333333334,0.2,0.5266666666666666,2.217005960883536
3,0.4633333333333333,Tailored Approach,1.7050359712230216,0.4,0.7,1.0,8.0,0.35,0.23333333333333334,0.2,0.5266666666666666,2.217005960883536
4,0.5033333333333333,Tailored Approach,1.8874172185430464,0.4,0.7,1.0,8.0,0.35,0.23333333333333334,0.2,0.5266666666666666,2.217005960883536
5,0.5333333333333333,Tailored Approach,2.0625,0.4,0.7,1.0,8.0,0.35,0.23333333333333334,0.2,0.5266666666666666,2.217005960883536
6,0.57,Tailored Approach,2.3157894736842106,0.4,0.7,1.0,8.0,0.35,0.23333333333333334,0.2,0.5266666666666666,2.217005960883536
7,0.62,Tailored Approach,2.693548387096774,0.4,0.7,1.0,8.0,0.35,0.23333333333333334,0.2,0.5266666666666666,2.217005960883536
8,0.6433333333333333,Tailored Approach,2.8860103626943006,0.4,0.7,1.0,8.0,0.35,0.23333333333333334,0.2,0.5266666666666666,2.217005960883536
9,0.6566666666666666,Tailored Approach,3.010152284263959,0.4,0.7,1.0,8.0,0.35,0.23333333333333334,0.2,0.5266666666666666,2.217005960883536
10,0.6766666666666666,Tailored Approach,3.2167487684729066,0.4,0.7,1.0,8.0,0.35,0.23333333333333334,0.2,0.5266666666666666,2.217005960883536
1,0.18333333333333332,CPI,1.0,0.4,0.8,,,,,,,
2,0.27,CPI,1.3209876543209877,0.4,0.8,,,,,,,
3,0.32666666666666666,CPI,1.6122448979591837,0.4,0.8,,,,,,,
4,0.38,CPI,1.9473684210526316,0.4,0.8,,,,,,,
5,0.41,CPI,2.1707317073170733,0.4,0.8,,,,,,,
6,0.44,CPI,2.4318181818181817,0.4,0.8,,,,,,,
7,0.48333333333333334,CPI,2.8413793103448275,0.4,0.8,,,,,,,
8,0.51,CPI,3.111111111111111,0.4,0.8,,,,,,,
9,0.5566666666666666,CPI,3.604790419161677,0.4,0.8,,,,,,,
10,0.59,CPI,3.9661016949152543,0.4,0.8,,,,,,,
1,0.22,Tailored Approach,1.0,0.4,0.8,1.0,8.0,0.35,0.23333333333333334,0.18333333333333332,0.522,2.229402812211088
2,0.37,Tailored Approach,1.4054054054054055,0.4,0.8,1.0,8.0,0.35,0.23333333333333334,0.18333333333333332,0.522,2.229402812211088
3,0.46,Tailored Approach,1.7173913043478262,0.4,0.8,1.0,8.0,0.35,0.23333333333333334,0.18333333333333332,0.522,2.229402812211088
4,0.5,Tailored Approach,1.9,0.4,0.8,1.0,8.0,0.35,0.23333333333333334,0.18333333333333332,0.522,2.229402812211088
5,0.5266666666666666,Tailored Approach,2.0569620253164556,0.4,0.8,1.0,8.0,0.35,0.23333333333333334,0.18333333333333332,0.522,2.229402812211088
6,0.5633333333333334,Tailored Approach,2.3136094674556213,0.4,0.8,1.0,8.0,0.35,0.23333333333333334,0.18333333333333332,0.522,2.229402812211088
7,0.6133333333333333,Tailored Approach,2.6956521739130435,0.4,0.8,1.0,8.0,0.35,0.23333333333333334,0.18333333333333332,0.522,2.229402812211088
8,0.64,Tailored Approach,2.9166666666666665,0.4,0.8,1.0,8.0,0.35,0.23333333333333334,0.18333333333333332,0.522,2.229402812211088
9,0.6533333333333333,Tailored Approach,3.0408163265306123,0.4,0.8,1.0,8.0,0.35,0.23333333333333334,0.18333333333333332,0.522,2.229402812211088
10,0.6733333333333333,Tailored Approach,3.2475247524752477,0.4,0.8,1.0,8.0,0.35,0.23333333333333334,0.18333333333333332,0.522,2.229402812211088
1,0.18333333333333332,CPI,1.0,0.4,0.75,,,,,,,
2,0.27,CPI,1.3209876543209877,0.4,0.75,,,,,,,
3,0.32666666666666666,CPI,1.6122448979591837,0.4,0.75,,,,,,,
4,0.38,CPI,1.9473684210526316,0.4,0.75,,,,,,,
5,0.41,CPI,2.1707317073170733,0.4,0.75,,,,,,,
6,0.44,CPI,2.4318181818181817,0.4,0.75,,,,,,,
7,0.48333333333333334,CPI,2.8413793103448275,0.4,0.75,,,,,,,
8,0.51,CPI,3.111111111111111,0.4,0.75,,,,,,,
9,0.5566666666666666,CPI,3.604790419161677,0.4,0.75,,,,,,,
10,0.59,CPI,3.9661016949152543,0.4,0.75,,,,,,,
1,0.22,Tailored Approach,1.0,0.4,0.75,1.0,8.0,0.35,0.23333333333333334,0.18333333333333332,0.522,2.229402812211088
2,0.37,Tailored Approach,1.4054054054054055,0.4,0.75,1.0,8.0,0.35,0.23333333333333334,0.18333333333333332,0.522,2.229402812211088
3,0.46,Tailored Approach,1.7173913043478262,0.4,0.75,1.0,8.0,0.35,0.23333333333333334,0.18333333333333332,0.522,2.229402812211088
4,0.5,Tailored Approach,1.9,0.4,0.75,1.0,8.0,0.35,0.23333333333333334,0.18333333333333332,0.522,2.229402812211088
5,0.5266666666666666,Tailored Approach,2.0569620253164556,0.4,0.75,1.0,8.0,0.35,0.23333333333333334,0.18333333333333332,0.522,2.229402812211088
6,0.5633333333333334,Tailored Approach,2.3136094674556213,0.4,0.75,1.0,8.0,0.35,0.23333333333333334,0.18333333333333332,0.522,2.229402812211088
7,0.6133333333333333,Tailored Approach,2.6956521739130435,0.4,0.75,1.0,8.0,0.35,0.23333333333333334,0.18333333333333332,0.522,2.229402812211088
8,0.64,Tailored Approach,2.9166666666666665,0.4,0.75,1.0,8.0,0.35,0.23333333333333334,0.18333333333333332,0.522,2.229402812211088
9,0.6533333333333333,Tailored Approach,3.0408163265306123,0.4,0.75,1.0,8.0,0.35,0.23333333333333334,0.18333333333333332,0.522,2.229402812211088
10,0.6733333333333333,Tailored Approach,3.2475247524752477,0.4,0.75,1.0,8.0,0.35,0.23333333333333334,0.18333333333333332,0.522,2.229402812211088
1,0.14666666666666667,CPI,1.0,0.4,0.85,,,,,,,
2,0.24333333333333335,CPI,1.3972602739726028,0.4,0.85,,,,,,,
3,0.30333333333333334,CPI,1.7142857142857142,0.4,0.85,,,,,,,
4,0.3466666666666667,CPI,2.0,0.4,0.85,,,,,,,
5,0.38666666666666666,CPI,2.310344827586207,0.4,0.85,,,,,,,
6,0.4166666666666667,CPI,2.576,0.4,0.85,,,,,,,
7,0.43,CPI,2.7131782945736433,0.4,0.85,,,,,,,
8,0.45666666666666667,CPI,3.021897810218978,0.4,0.85,,,,,,,
9,0.48,CPI,3.3125,0.4,0.85,,,,,,,
10,0.5033333333333333,CPI,3.622516556291391,0.4,0.85,,,,,,,
1,0.22,Tailored Approach,1.0,0.4,0.85,1.0,8.0,0.35,0.23333333333333334,0.14666666666666667,0.5193333333333333,2.2175401953227145
2,0.36666666666666664,Tailored Approach,1.4,0.4,0.85,1.0,8.0,0.35,0.23333333333333334,0.14666666666666667,0.5193333333333333,2.2175401953227145
3,0.46,Tailored Approach,1.7246376811594204,0.4,0.85,1.0,8.0,0.35,0.23333333333333334,0.14666666666666667,0.5193333333333333,2.2175401953227145
4,0.5,Tailored Approach,1.9066666666666667,0.4,0.85,1.0,8.0,0.35,0.23333333333333334,0.14666666666666667,0.5193333333333333,2.2175401953227145
5,0.5266666666666666,Tailored Approach,2.0632911392405062,0.4,0.85,1.0,8.0,0.35,0.23333333333333334,0.14666666666666667,0.5193333333333333,2.2175401953227145
6,0.5633333333333334,Tailored Approach,2.3195266272189348,0.4,0.85,1.0,8.0,0.35,0.23333333333333334,0.14666666666666667,0.5193333333333333,2.2175401953227145
7,0.61,Tailored Approach,2.6775956284153004,0.4,0.85,1.0,8.0,0.35,0.23333333333333334,0.14666666666666667,0.5193333333333333,2.2175401953227145
8,0.6333333333333333,Tailored Approach,2.873684210526316,0.4,0.85,1.0,8.0,0.35,0.23333333333333334,0.14666666666666667,0.5193333333333333,2.2175401953227145
9,0.6466666666666666,Tailored Approach,3.0,0.4,0.85,1.0,8.0,0.35,0.23333333333333334,0.14666666666666667,0.5193333333333333,2.2175401953227145
10,0.6666666666666666,Tailored Approach,3.21,0.4,0.85,1.0,8.0,0.35,0.23333333333333334,0.14666666666666667,0.5193333333333333,2.2175401953227145
1,0.2,CPI,1.0,0.35,0.7,,,,,,,
2,0.3233333333333333,CPI,1.3814432989690721,0.35,0.7,,,,,,,
3,0.37333333333333335,CPI,1.5982142857142858,0.35,0.7,,,,,,,
4,0.4,CPI,1.7583333333333333,0.35,0.7,,,,,,,
5,0.43666666666666665,CPI,2.030534351145038,0.35,0.7,,,,,,,
6,0.46,CPI,2.2318840579710146,0.35,0.7,,,,,,,
7,0.47333333333333333,CPI,2.3661971830985915,0.35,0.7,,,,,,,
8,0.49666666666666665,CPI,2.6308724832214767,0.35,0.7,,,,,,,
9,0.5233333333333333,CPI,2.9554140127388533,0.35,0.7,,,,,,,
10,0.5366666666666666,CPI,3.130434782608696,0.35,0.7,,,,,,,
1,0.22666666666666666,Tailored Approach,1.0,0.35,0.7,1.0,8.0,0.35,0.23333333333333334,0.2,0.5266666666666666,2.217005960883536
2,0.37333333333333335,Tailored Approach,1.3928571428571428,0.35,0.7,1.0,8.0,0.35,0.23333333333333334,0.2,0.5266666666666666,2.217005960883536
3,0.4633333333333333,Tailored Approach,1.7050359712230216,0.35,0.7,1.0,8.0,0.35,0.23333333333333334,0.2,0.5266666666666666,2.217005960883536
4,0.5033333333333333,Tailored Approach,1.8874172185430464,0.35,0.7,1.0,8.0,0.35,0.23333333333333334,0.2,0.5266666666666666,2.217005960883536
5,0.5333333333333333,Tailored Approach,2.0625,0.35,0.7,1.0,8.0,0.35,0.23333333333333334,0.2,0.5266666666666666,2.217005960883536
6,0.57,Tailored Approach,2.3157894736842106,0.35,0.7,1.0,8.0,0.35,0.23333333333333334,0.2,0.5266666666666666,2.217005960883536
7,0.62,Tailored Approach,2.693548387096774,0.35,0.7,1.0,8.0,0.35,0.23333333333333334,0.2,0.5266666666666666,2.217005960883536
8,0.6433333333333333,Tailored Approach,2.8860103626943006,0.35,0.7,1.0,8.0,0.35,0.23333333333333334,0.2,0.5266666666666666,2.217005960883536
9,0.6566666666666666,Tailored Approach,3.010152284263959,0.35,0.7,1.0,8.0,0.35,0.23333333333333334,0.2,0.5266666666666666,2.217005960883536
10,0.6766666666666666,Tailored Approach,3.2167487684729066,0.35,0.7,1.0,8.0,0.35,0.23333333333333334,0.2,0.5266666666666666,2.217005960883536
1,0.18333333333333332,CPI,1.0,0.35,0.8,,,,,,,
2,0.27,CPI,1.3209876543209877,0.35,0.8,,,,,,,
3,0.32666666666666666,CPI,1.6122448979591837,0.35,0.8,,,,,,,
4,0.38,CPI,1.9473684210526316,0.35,0.8,,,,,,,
5,0.41,CPI,2.1707317073170733,0.35,0.8,,,,,,,
6,0.44,CPI,2.4318181818181817,0.35,0.8,,,,,,,
7,0.48333333333333334,CPI,2.8413793103448275,0.35,0.8,,,,,,,
8,0.51,CPI,3.111111111111111,0.35,0.8,,,,,,,
9,0.5566666666666666,CPI,3.604790419161677,0.35,0.8,,,,,,,
10,0.59,CPI,3.9661016949152543,0.35,0.8,,,,,,,
1,0.22,Tailored Approach,1.0,0.35,0.8,1.0,8.0,0.35,0.23333333333333334,0.18333333333333332,0.522,2.229402812211088
2,0.37,Tailored Approach,1.4054054054054055,0.35,0.8,1.0,8.0,0.35,0.23333333333333334,0.18333333333333332,0.522,2.229402812211088
3,0.46,Tailored Approach,1.7173913043478262,0.35,0.8,1.0,8.0,0.35,0.23333333333333334,0.18333333333333332,0.522,2.229402812211088
4,0.5,Tailored Approach,1.9,0.35,0.8,1.0,8.0,0.35,0.23333333333333334,0.18333333333333332,0.522,2.229402812211088
5,0.5266666666666666,Tailored Approach,2.0569620253164556,0.35,0.8,1.0,8.0,0.35,0.23333333333333334,0.18333333333333332,0.522,2.229402812211088
6,0.5633333333333334,Tailored Approach,2.3136094674556213,0.35,0.8,1.0,8.0,0.35,0.23333333333333334,0.18333333333333332,0.522,2.229402812211088
7,0.6133333333333333,Tailored Approach,2.6956521739130435,0.35,0.8,1.0,8.0,0.35,0.23333333333333334,0.18333333333333332,0.522,2.229402812211088
8,0.64,Tailored Approach,2.9166666666666665,0.35,0.8,1.0,8.0,0.35,0.23333333333333334,0.18333333333333332,0.522,2.229402812211088
9,0.6533333333333333,Tailored Approach,3.0408163265306123,0.35,0.8,1.0,8.0,0.35,0.23333333333333334,0.18333333333333332,0.522,2.229402812211088
10,0.6733333333333333,Tailored Approach,3.2475247524752477,0.35,0.8,1.0,8.0,0.35,0.23333333333333334,0.18333333333333332,0.522,2.229402812211088
1,0.18333333333333332,CPI,1.0,0.35,0.75,,,,,,,
2,0.27,CPI,1.3209876543209877,0.35,0.75,,,,,,,
3,0.32666666666666666,CPI,1.6122448979591837,0.35,0.75,,,,,,,
4,0.38,CPI,1.9473684210526316,0.35,0.75,,,,,,,
5,0.41,CPI,2.1707317073170733,0.35,0.75,,,,,,,
6,0.44,CPI,2.4318181818181817,0.35,0.75,,,,,,,
7,0.48333333333333334,CPI,2.8413793103448275,0.35,0.75,,,,,,,
8,0.51,CPI,3.111111111111111,0.35,0.75,,,,,,,
9,0.5566666666666666,CPI,3.604790419161677,0.35,0.75,,,,,,,
10,0.59,CPI,3.9661016949152543,0.35,0.75,,,,,,,
1,0.22,Tailored Approach,1.0,0.35,0.75,1.0,8.0,0.35,0.23333333333333334,0.18333333333333332,0.522,2.229402812211088
2,0.37,Tailored Approach,1.4054054054054055,0.35,0.75,1.0,8.0,0.35,0.23333333333333334,0.18333333333333332,0.522,2.229402812211088
3,0.46,Tailored Approach,1.7173913043478262,0.35,0.75,1.0,8.0,0.35,0.23333333333333334,0.18333333333333332,0.522,2.229402812211088
4,0.5,Tailored Approach,1.9,0.35,0.75,1.0,8.0,0.35,0.23333333333333334,0.18333333333333332,0.522,2.229402812211088
5,0.5266666666666666,Tailored Approach,2.0569620253164556,0.35,0.75,1.0,8.0,0.35,0.23333333333333334,0.18333333333333332,0.522,2.229402812211088
6,0.5633333333333334,Tailored Approach,2.3136094674556213,0.35,0.75,1.0,8.0,0.35,0.23333333333333334,0.18333333333333332,0.522,2.229402812211088
7,0.6133333333333333,Tailored Approach,2.6956521739130435,0.35,0.75,1.0,8.0,0.35,0.23333333333333334,0.18333333333333332,0.522,2.229402812211088
8,0.64,Tailored Approach,2.9166666666666665,0.35,0.75,1.0,8.0,0.35,0.23333333333333334,0.18333333333333332,0.522,2.229402812211088
9,0.6533333333333333,Tailored Approach,3.0408163265306123,0.35,0.75,1.0,8.0,0.35,0.23333333333333334,0.18333333333333332,0.522,2.229402812211088
10,0.6733333333333333,Tailored Approach,3.2475247524752477,0.35,0.75,1.0,8.0,0.35,0.23333333333333334,0.18333333333333332,0.522,2.229402812211088
1,0.14666666666666667,CPI,1.0,0.35,0.85,,,,,,,
2,0.24333333333333335,CPI,1.3972602739726028,0.35,0.85,,,,,,,
3,0.30333333333333334,CPI,1.7142857142857142,0.35,0.85,,,,,,,
4,0.3466666666666667,CPI,2.0,0.35,0.85,,,,,,,
5,0.38666666666666666,CPI,2.310344827586207,0.35,0.85,,,,,,,
6,0.4166666666666667,CPI,2.576,0.35,0.85,,,,,,,
7,0.43,CPI,2.7131782945736433,0.35,0.85,,,,,,,
8,0.45666666666666667,CPI,3.021897810218978,0.35,0.85,,,,,,,
9,0.48,CPI,3.3125,0.35,0.85,,,,,,,
10,0.5033333333333333,CPI,3.622516556291391,0.35,0.85,,,,,,,
1,0.22,Tailored Approach,1.0,0.35,0.85,1.0,8.0,0.35,0.23333333333333334,0.14666666666666667,0.5193333333333333,2.2175401953227145
2,0.36666666666666664,Tailored Approach,1.4,0.35,0.85,1.0,8.0,0.35,0.23333333333333334,0.14666666666666667,0.5193333333333333,2.2175401953227145
3,0.46,Tailored Approach,1.7246376811594204,0.35,0.85,1.0,8.0,0.35,0.23333333333333334,0.14666666666666667,0.5193333333333333,2.2175401953227145
4,0.5,Tailored Approach,1.9066666666666667,0.35,0.85,1.0,8.0,0.35,0.23333333333333334,0.14666666666666667,0.5193333333333333,2.2175401953227145
5,0.5266666666666666,Tailored Approach,2.0632911392405062,0.35,0.85,1.0,8.0,0.35,0.23333333333333334,0.14666666666666667,0.5193333333333333,2.2175401953227145
6,0.5633333333333334,Tailored Approach,2.3195266272189348,0.35,0.85,1.0,8.0,0.35,0.23333333333333334,0.14666666666666667,0.5193333333333333,2.2175401953227145
7,0.61,Tailored Approach,2.6775956284153004,0.35,0.85,1.0,8.0,0.35,0.23333333333333334,0.14666666666666667,0.5193333333333333,2.2175401953227145
8,0.6333333333333333,Tailored Approach,2.873684210526316,0.35,0.85,1.0,8.0,0.35,0.23333333333333334,0.14666666666666667,0.5193333333333333,2.2175401953227145
9,0.6466666666666666,Tailored Approach,3.0,0.35,0.85,1.0,8.0,0.35,0.23333333333333334,0.14666666666666667,0.5193333333333333,2.2175401953227145
10,0.6666666666666666,Tailored Approach,3.21,0.35,0.85,1.0,8.0,0.35,0.23333333333333334,0.14666666666666667,0.5193333333333333,2.2175401953227145
1,0.23333333333333334,SPH,1.0,-1.0,-1.0,1.0,11.0,0.25,,,,
2,0.37,SPH,1.3693693693693694,-1.0,-1.0,1.0,11.0,0.25,,,,
3,0.44333333333333336,SPH,1.6390977443609023,-1.0,-1.0,1.0,11.0,0.25,,,,
4,0.49333333333333335,SPH,1.8783783783783783,-1.0,-1.0,1.0,11.0,0.25,,,,
5,0.52,SPH,2.0384615384615383,-1.0,-1.0,1.0,11.0,0.25,,,,
6,0.5566666666666666,SPH,2.2994011976047903,-1.0,-1.0,1.0,11.0,0.25,,,,
7,0.5933333333333334,SPH,2.5898876404494384,-1.0,-1.0,1.0,11.0,0.25,,,,
8,0.62,SPH,2.8225806451612905,-1.0,-1.0,1.0,11.0,0.25,,,,
9,0.6366666666666667,SPH,2.9842931937172774,-1.0,-1.0,1.0,11.0,0.25,,,,
10,0.65,SPH,3.128205128205128,-1.0,-1.0,1.0,11.0,0.25,,,,
1,0.18666666666666668,RF+B,1.0,-1.0,-1.0,1.0,11.0,,,,,
2,0.27666666666666667,RF+B,1.3253012048192772,-1.0,-1.0,1.0,11.0,,,,,
3,0.38,RF+B,1.780701754385965,-1.0,-1.0,1.0,11.0,,,,,
4,0.42333333333333334,RF+B,2.0078740157480315,-1.0,-1.0,1.0,11.0,,,,,
5,0.4766666666666667,RF+B,2.3426573426573425,-1.0,-1.0,1.0,11.0,,,,,
6,0.5133333333333333,RF+B,2.603896103896104,-1.0,-1.0,1.0,11.0,,,,,
7,0.5366666666666666,RF+B,2.7950310559006213,-1.0,-1.0,1.0,11.0,,,,,
8,0.58,RF+B,3.1839080459770117,-1.0,-1.0,1.0,11.0,,,,,
9,0.59,RF+B,3.2824858757062145,-1.0,-1.0,1.0,11.0,,,,,
10,0.61,RF+B,3.5027322404371586,-1.0,-1.0,1.0,11.0,,,,,
1,0.2,CPI,1.0,0.3,0.7,,,,,,,
2,0.3233333333333333,CPI,1.3814432989690721,0.3,0.7,,,,,,,
3,0.37333333333333335,CPI,1.5982142857142858,0.3,0.7,,,,,,,
4,0.4,CPI,1.7583333333333333,0.3,0.7,,,,,,,
5,0.43666666666666665,CPI,2.030534351145038,0.3,0.7,,,,,,,
6,0.46,CPI,2.2318840579710146,0.3,0.7,,,,,,,
7,0.47333333333333333,CPI,2.3661971830985915,0.3,0.7,,,,,,,
8,0.49666666666666665,CPI,2.6308724832214767,0.3,0.7,,,,,,,
9,0.5233333333333333,CPI,2.9554140127388533,0.3,0.7,,,,,,,
10,0.5366666666666666,CPI,3.130434782608696,0.3,0.7,,,,,,,
1,0.22666666666666666,Tailored Approach,1.0,0.3,0.7,1.0,11.0,0.25,0.23333333333333334,0.2,0.5153333333333333,2.2168078894671357
2,0.36666666666666664,Tailored Approach,1.3818181818181818,0.3,0.7,1.0,11.0,0.25,0.23333333333333334,0.2,0.5153333333333333,2.2168078894671357
3,0.4533333333333333,Tailored Approach,1.6911764705882353,0.3,0.7,1.0,11.0,0.25,0.23333333333333334,0.2,0.5153333333333333,2.2168078894671357
4,0.49,Tailored Approach,1.8639455782312926,0.3,0.7,1.0,11.0,0.25,0.23333333333333334,0.2,0.5153333333333333,2.2168078894671357
5,0.5166666666666667,Tailored Approach,2.0258064516129033,0.3,0.7,1.0,11.0,0.25,0.23333333333333334,0.2,0.5153333333333333,2.2168078894671357
6,0.5533333333333333,Tailored Approach,2.289156626506024,0.3,0.7,1.0,11.0,0.25,0.23333333333333334,0.2,0.5153333333333333,2.2168078894671357
7,0.6033333333333334,Tailored Approach,2.679558011049724,0.3,0.7,1.0,11.0,0.25,0.23333333333333334,0.2,0.5153333333333333,2.2168078894671357
8,0.63,Tailored Approach,2.9047619047619047,0.3,0.7,1.0,11.0,0.25,0.23333333333333334,0.2,0.5153333333333333,2.2168078894671357
9,0.6466666666666666,Tailored Approach,3.0618556701030926,0.3,0.7,1.0,11.0,0.25,0.23333333333333334,0.2,0.5153333333333333,2.2168078894671357
10,0.6666666666666666,Tailored Approach,3.27,0.3,0.7,1.0,11.0,0.25,0.23333333333333334,0.2,0.5153333333333333,2.2168078894671357
1,0.18333333333333332,CPI,1.0,0.3,0.8,,,,,,,
2,0.27,CPI,1.3209876543209877,0.3,0.8,,,,,,,
3,0.32666666666666666,CPI,1.6122448979591837,0.3,0.8,,,,,,,
4,0.38,CPI,1.9473684210526316,0.3,0.8,,,,,,,
5,0.41,CPI,2.1707317073170733,0.3,0.8,,,,,,,
6,0.44,CPI,2.4318181818181817,0.3,0.8,,,,,,,
7,0.48333333333333334,CPI,2.8413793103448275,0.3,0.8,,,,,,,
8,0.51,CPI,3.111111111111111,0.3,0.8,,,,,,,
9,0.5566666666666666,CPI,3.604790419161677,0.3,0.8,,,,,,,
10,0.59,CPI,3.9661016949152543,0.3,0.8,,,,,,,
1,0.22,Tailored Approach,1.0,0.3,0.8,1.0,11.0,0.25,0.23333333333333334,0.18333333333333332,0.5106666666666667,2.2293610899274894
2,0.36333333333333334,Tailored Approach,1.3944954128440368,0.3,0.8,1.0,11.0,0.25,0.23333333333333334,0.18333333333333332,0.5106666666666667,2.2293610899274894
3,0.45,Tailored Approach,1.7037037037037037,0.3,0.8,1.0,11.0,0.25,0.23333333333333334,0.18333333333333332,0.5106666666666667,2.2293610899274894
4,0.4866666666666667,Tailored Approach,1.8767123287671232,0.3,0.8,1.0,11.0,0.25,0.23333333333333334,0.18333333333333332,0.5106666666666667,2.2293610899274894
5,0.51,Tailored Approach,2.019607843137255,0.3,0.8,1.0,11.0,0.25,0.23333333333333334,0.18333333333333332,0.5106666666666667,2.2293610899274894
6,0.5466666666666666,Tailored Approach,2.2865853658536586,0.3,0.8,1.0,11.0,0.25,0.23333333333333334,0.18333333333333332,0.5106666666666667,2.2293610899274894
7,0.5966666666666667,Tailored Approach,2.6815642458100557,0.3,0.8,1.0,11.0,0.25,0.23333333333333334,0.18333333333333332,0.5106666666666667,2.2293610899274894
8,0.6266666666666667,Tailored Approach,2.9361702127659575,0.3,0.8,1.0,11.0,0.25,0.23333333333333334,0.18333333333333332,0.5106666666666667,2.2293610899274894
9,0.6433333333333333,Tailored Approach,3.093264248704663,0.3,0.8,1.0,11.0,0.25,0.23333333333333334,0.18333333333333332,0.5106666666666667,2.2293610899274894
10,0.6633333333333333,Tailored Approach,3.301507537688442,0.3,0.8,1.0,11.0,0.25,0.23333333333333334,0.18333333333333332,0.5106666666666667,2.2293610899274894
1,0.18333333333333332,CPI,1.0,0.3,0.75,,,,,,,
2,0.27,CPI,1.3209876543209877,0.3,0.75,,,,,,,
3,0.32666666666666666,CPI,1.6122448979591837,0.3,0.75,,,,,,,
4,0.38,CPI,1.9473684210526316,0.3,0.75,,,,,,,
5,0.41,CPI,2.1707317073170733,0.3,0.75,,,,,,,
6,0.44,CPI,2.4318181818181817,0.3,0.75,,,,,,,
7,0.48333333333333334,CPI,2.8413793103448275,0.3,0.75,,,,,,,
8,0.51,CPI,3.111111111111111,0.3,0.75,,,,,,,
9,0.5566666666666666,CPI,3.604790419161677,0.3,0.75,,,,,,,
10,0.59,CPI,3.9661016949152543,0.3,0.75,,,,,,,
1,0.22,Tailored Approach,1.0,0.3,0.75,1.0,11.0,0.25,0.23333333333333334,0.18333333333333332,0.5106666666666667,2.2293610899274894
2,0.36333333333333334,Tailored Approach,1.3944954128440368,0.3,0.75,1.0,11.0,0.25,0.23333333333333334,0.18333333333333332,0.5106666666666667,2.2293610899274894
3,0.45,Tailored Approach,1.7037037037037037,0.3,0.75,1.0,11.0,0.25,0.23333333333333334,0.18333333333333332,0.5106666666666667,2.2293610899274894
4,0.4866666666666667,Tailored Approach,1.8767123287671232,0.3,0.75,1.0,11.0,0.25,0.23333333333333334,0.18333333333333332,0.5106666666666667,2.2293610899274894
5,0.51,Tailored Approach,2.019607843137255,0.3,0.75,1.0,11.0,0.25,0.23333333333333334,0.18333333333333332,0.5106666666666667,2.2293610899274894
6,0.5466666666666666,Tailored Approach,2.2865853658536586,0.3,0.75,1.0,11.0,0.25,0.23333333333333334,0.18333333333333332,0.5106666666666667,2.2293610899274894
7,0.5966666666666667,Tailored Approach,2.6815642458100557,0.3,0.75,1.0,11.0,0.25,0.23333333333333334,0.18333333333333332,0.5106666666666667,2.2293610899274894
8,0.6266666666666667,Tailored Approach,2.9361702127659575,0.3,0.75,1.0,11.0,0.25,0.23333333333333334,0.18333333333333332,0.5106666666666667,2.2293610899274894
9,0.6433333333333333,Tailored Approach,3.093264248704663,0.3,0.75,1.0,11.0,0.25,0.23333333333333334,0.18333333333333332,0.5106666666666667,2.2293610899274894
10,0.6633333333333333,Tailored Approach,3.301507537688442,0.3,0.75,1.0,11.0,0.25,0.23333333333333334,0.18333333333333332,0.5106666666666667,2.2293610899274894
1,0.14666666666666667,CPI,1.0,0.3,0.85,,,,,,,
2,0.24333333333333335,CPI,1.3972602739726028,0.3,0.85,,,,,,,
3,0.30333333333333334,CPI,1.7142857142857142,0.3,0.85,,,,,,,
4,0.3466666666666667,CPI,2.0,0.3,0.85,,,,,,,
5,0.38666666666666666,CPI,2.310344827586207,0.3,0.85,,,,,,,
6,0.4166666666666667,CPI,2.576,0.3,0.85,,,,,,,
7,0.43,CPI,2.7131782945736433,0.3,0.85,,,,,,,
8,0.45666666666666667,CPI,3.021897810218978,0.3,0.85,,,,,,,
9,0.48,CPI,3.3125,0.3,0.85,,,,,,,
10,0.5033333333333333,CPI,3.622516556291391,0.3,0.85,,,,,,,
1,0.22,Tailored Approach,1.0,0.3,0.85,1.0,11.0,0.25,0.23333333333333334,0.14666666666666667,0.508,2.217409823991409
2,0.36,Tailored Approach,1.3888888888888888,0.3,0.85,1.0,11.0,0.25,0.23333333333333334,0.14666666666666667,0.508,2.217409823991409
3,0.45,Tailored Approach,1.711111111111111,0.3,0.85,1.0,11.0,0.25,0.23333333333333334,0.14666666666666667,0.508,2.217409823991409
4,0.4866666666666667,Tailored Approach,1.8835616438356164,0.3,0.85,1.0,11.0,0.25,0.23333333333333334,0.14666666666666667,0.508,2.217409823991409
5,0.51,Tailored Approach,2.026143790849673,0.3,0.85,1.0,11.0,0.25,0.23333333333333334,0.14666666666666667,0.508,2.217409823991409
6,0.5466666666666666,Tailored Approach,2.292682926829268,0.3,0.85,1.0,11.0,0.25,0.23333333333333334,0.14666666666666667,0.508,2.217409823991409
7,0.5933333333333334,Tailored Approach,2.662921348314607,0.3,0.85,1.0,11.0,0.25,0.23333333333333334,0.14666666666666667,0.508,2.217409823991409
8,0.62,Tailored Approach,2.89247311827957,0.3,0.85,1.0,11.0,0.25,0.23333333333333334,0.14666666666666667,0.508,2.217409823991409
9,0.6366666666666667,Tailored Approach,3.0523560209424083,0.3,0.85,1.0,11.0,0.25,0.23333333333333334,0.14666666666666667,0.508,2.217409823991409
10,0.6566666666666666,Tailored Approach,3.263959390862944,0.3,0.85,1.0,11.0,0.25,0.23333333333333334,0.14666666666666667,0.508,2.217409823991409
1,0.2,CPI,1.0,0.2,0.7,,,,,,,
2,0.3233333333333333,CPI,1.3814432989690721,0.2,0.7,,,,,,,
3,0.37333333333333335,CPI,1.5982142857142858,0.2,0.7,,,,,,,
4,0.4,CPI,1.7583333333333333,0.2,0.7,,,,,,,
5,0.43666666666666665,CPI,2.030534351145038,0.2,0.7,,,,,,,
6,0.46,CPI,2.2318840579710146,0.2,0.7,,,,,,,
7,0.47333333333333333,CPI,2.3661971830985915,0.2,0.7,,,,,,,
8,0.49666666666666665,CPI,2.6308724832214767,0.2,0.7,,,,,,,
9,0.5233333333333333,CPI,2.9554140127388533,0.2,0.7,,,,,,,
10,0.5366666666666666,CPI,3.130434782608696,0.2,0.7,,,,,,,
1,0.23,Tailored Approach,1.0,0.2,0.7,1.0,11.0,0.25,0.23333333333333334,0.2,0.5106666666666666,2.228230995095699
2,0.3566666666666667,Tailored Approach,1.355140186915888,0.2,0.7,1.0,11.0,0.25,0.23333333333333334,0.2,0.5106666666666666,2.228230995095699
3,0.44666666666666666,Tailored Approach,1.6865671641791045,0.2,0.7,1.0,11.0,0.25,0.23333333333333334,0.2,0.5106666666666666,2.228230995095699
4,0.48333333333333334,Tailored Approach,1.8620689655172413,0.2,0.7,1.0,11.0,0.25,0.23333333333333334,0.2,0.5106666666666666,2.228230995095699
5,0.51,Tailored Approach,2.026143790849673,0.2,0.7,1.0,11.0,0.25,0.23333333333333334,0.2,0.5106666666666666,2.228230995095699
6,0.55,Tailored Approach,2.315151515151515,0.2,0.7,1.0,11.0,0.25,0.23333333333333334,0.2,0.5106666666666666,2.228230995095699
7,0.5933333333333334,Tailored Approach,2.657303370786517,0.2,0.7,1.0,11.0,0.25,0.23333333333333334,0.2,0.5106666666666666,2.228230995095699
8,0.6266666666666667,Tailored Approach,2.9414893617021276,0.2,0.7,1.0,11.0,0.25,0.23333333333333334,0.2,0.5106666666666666,2.228230995095699
9,0.6433333333333333,Tailored Approach,3.098445595854922,0.2,0.7,1.0,11.0,0.25,0.23333333333333334,0.2,0.5106666666666666,2.228230995095699
10,0.6666666666666666,Tailored Approach,3.34,0.2,0.7,1.0,11.0,0.25,0.23333333333333334,0.2,0.5106666666666666,2.228230995095699
1,0.18333333333333332,CPI,1.0,0.2,0.8,,,,,,,
2,0.27,CPI,1.3209876543209877,0.2,0.8,,,,,,,
3,0.32666666666666666,CPI,1.6122448979591837,0.2,0.8,,,,,,,
4,0.38,CPI,1.9473684210526316,0.2,0.8,,,,,,,
5,0.41,CPI,2.1707317073170733,0.2,0.8,,,,,,,
6,0.44,CPI,2.4318181818181817,0.2,0.8,,,,,,,
7,0.48333333333333334,CPI,2.8413793103448275,0.2,0.8,,,,,,,
8,0.51,CPI,3.111111111111111,0.2,0.8,,,,,,,
9,0.5566666666666666,CPI,3.604790419161677,0.2,0.8,,,,,,,
10,0.59,CPI,3.9661016949152543,0.2,0.8,,,,,,,
1,0.22,Tailored Approach,1.0,0.2,0.8,1.0,11.0,0.25,0.23333333333333334,0.18333333333333332,0.505,2.2495458528270436
2,0.35,Tailored Approach,1.3714285714285714,0.2,0.8,1.0,11.0,0.25,0.23333333333333334,0.18333333333333332,0.505,2.2495458528270436
3,0.44,Tailored Approach,1.7045454545454546,0.2,0.8,1.0,11.0,0.25,0.23333333333333334,0.18333333333333332,0.505,2.2495458528270436
4,0.48333333333333334,Tailored Approach,1.910344827586207,0.2,0.8,1.0,11.0,0.25,0.23333333333333334,0.18333333333333332,0.505,2.2495458528270436
5,0.5066666666666667,Tailored Approach,2.0526315789473686,0.2,0.8,1.0,11.0,0.25,0.23333333333333334,0.18333333333333332,0.505,2.2495458528270436
6,0.54,Tailored Approach,2.2962962962962963,0.2,0.8,1.0,11.0,0.25,0.23333333333333334,0.18333333333333332,0.505,2.2495458528270436
7,0.5866666666666667,Tailored Approach,2.6704545454545454,0.2,0.8,1.0,11.0,0.25,0.23333333333333334,0.18333333333333332,0.505,2.2495458528270436
8,0.62,Tailored Approach,2.956989247311828,0.2,0.8,1.0,11.0,0.25,0.23333333333333334,0.18333333333333332,0.505,2.2495458528270436
9,0.64,Tailored Approach,3.1458333333333335,0.2,0.8,1.0,11.0,0.25,0.23333333333333334,0.18333333333333332,0.505,2.2495458528270436
10,0.6633333333333333,Tailored Approach,3.386934673366834,0.2,0.8,1.0,11.0,0.25,0.23333333333333334,0.18333333333333332,0.505,2.2495458528270436
1,0.18333333333333332,CPI,1.0,0.2,0.75,,,,,,,
2,0.27,CPI,1.3209876543209877,0.2,0.75,,,,,,,
3,0.32666666666666666,CPI,1.6122448979591837,0.2,0.75,,,,,,,
4,0.38,CPI,1.9473684210526316,0.2,0.75,,,,,,,
5,0.41,CPI,2.1707317073170733,0.2,0.75,,,,,,,
6,0.44,CPI,2.4318181818181817,0.2,0.75,,,,,,,
7,0.48333333333333334,CPI,2.8413793103448275,0.2,0.75,,,,,,,
8,0.51,CPI,3.111111111111111,0.2,0.75,,,,,,,
9,0.5566666666666666,CPI,3.604790419161677,0.2,0.75,,,,,,,
10,0.59,CPI,3.9661016949152543,0.2,0.75,,,,,,,
1,0.22333333333333333,Tailored Approach,1.0,0.2,0.75,1.0,11.0,0.25,0.23333333333333334,0.18333333333333332,0.504,2.2538462590959965
2,0.3466666666666667,Tailored Approach,1.3557692307692308,0.2,0.75,1.0,11.0,0.25,0.23333333333333334,0.18333333333333332,0.504,2.2538462590959965
3,0.43666666666666665,Tailored Approach,1.6946564885496183,0.2,0.75,1.0,11.0,0.25,0.23333333333333334,0.18333333333333332,0.504,2.2538462590959965
4,0.48,Tailored Approach,1.9027777777777777,0.2,0.75,1.0,11.0,0.25,0.23333333333333334,0.18333333333333332,0.504,2.2538462590959965
5,0.5033333333333333,Tailored Approach,2.0463576158940397,0.2,0.75,1.0,11.0,0.25,0.23333333333333334,0.18333333333333332,0.504,2.2538462590959965
6,0.54,Tailored Approach,2.314814814814815,0.2,0.75,1.0,11.0,0.25,0.23333333333333334,0.18333333333333332,0.504,2.2538462590959965
7,0.5866666666666667,Tailored Approach,2.6875,0.2,0.75,1.0,11.0,0.25,0.23333333333333334,0.18333333333333332,0.504,2.2538462590959965
8,0.62,Tailored Approach,2.9731182795698925,0.2,0.75,1.0,11.0,0.25,0.23333333333333334,0.18333333333333332,0.504,2.2538462590959965
9,0.64,Tailored Approach,3.1614583333333335,0.2,0.75,1.0,11.0,0.25,0.23333333333333334,0.18333333333333332,0.504,2.2538462590959965
10,0.6633333333333333,Tailored Approach,3.4020100502512562,0.2,0.75,1.0,11.0,0.25,0.23333333333333334,0.18333333333333332,0.504,2.2538462590959965
1,0.14666666666666667,CPI,1.0,0.2,0.85,,,,,,,
2,0.24333333333333335,CPI,1.3972602739726028,0.2,0.85,,,,,,,
3,0.30333333333333334,CPI,1.7142857142857142,0.2,0.85,,,,,,,
4,0.3466666666666667,CPI,2.0,0.2,0.85,,,,,,,
5,0.38666666666666666,CPI,2.310344827586207,0.2,0.85,,,,,,,
6,0.4166666666666667,CPI,2.576,0.2,0.85,,,,,,,
7,0.43,CPI,2.7131782945736433,0.2,0.85,,,,,,,
8,0.45666666666666667,CPI,3.021897810218978,0.2,0.85,,,,,,,
9,0.48,CPI,3.3125,0.2,0.85,,,,,,,
10,0.5033333333333333,CPI,3.622516556291391,0.2,0.85,,,,,,,
1,0.22,Tailored Approach,1.0,0.2,0.85,1.0,11.0,0.25,0.23333333333333334,0.14666666666666667,0.502,2.23589576070304
2,0.3466666666666667,Tailored Approach,1.3653846153846154,0.2,0.85,1.0,11.0,0.25,0.23333333333333334,0.14666666666666667,0.502,2.23589576070304
3,0.44,Tailored Approach,1.7121212121212122,0.2,0.85,1.0,11.0,0.25,0.23333333333333334,0.14666666666666667,0.502,2.23589576070304
4,0.48333333333333334,Tailored Approach,1.9172413793103449,0.2,0.85,1.0,11.0,0.25,0.23333333333333334,0.14666666666666667,0.502,2.23589576070304
5,0.5066666666666667,Tailored Approach,2.0592105263157894,0.2,0.85,1.0,11.0,0.25,0.23333333333333334,0.14666666666666667,0.502,2.23589576070304
6,0.54,Tailored Approach,2.302469135802469,0.2,0.85,1.0,11.0,0.25,0.23333333333333334,0.14666666666666667,0.502,2.23589576070304
7,0.5833333333333334,Tailored Approach,2.6514285714285712,0.2,0.85,1.0,11.0,0.25,0.23333333333333334,0.14666666666666667,0.502,2.23589576070304
8,0.61,Tailored Approach,2.8852459016393444,0.2,0.85,1.0,11.0,0.25,0.23333333333333334,0.14666666666666667,0.502,2.23589576070304
9,0.6333333333333333,Tailored Approach,3.110526315789474,0.2,0.85,1.0,11.0,0.25,0.23333333333333334,0.14666666666666667,0.502,2.23589576070304
10,0.6566666666666666,Tailored Approach,3.3553299492385786,0.2,0.85,1.0,11.0,0.25,0.23333333333333334,0.14666666666666667,0.502,2.23589576070304
1,0.2,CPI,1.0,0.4,0.7,,,,,,,
2,0.3233333333333333,CPI,1.3814432989690721,0.4,0.7,,,,,,,
3,0.37333333333333335,CPI,1.5982142857142858,0.4,0.7,,,,,,,
4,0.4,CPI,1.7583333333333333,0.4,0.7,,,,,,,
5,0.43666666666666665,CPI,2.030534351145038,0.4,0.7,,,,,,,
6,0.46,CPI,2.2318840579710146,0.4,0.7,,,,,,,
7,0.47333333333333333,CPI,2.3661971830985915,0.4,0.7,,,,,,,
8,0.49666666666666665,CPI,2.6308724832214767,0.4,0.7,,,,,,,
9,0.5233333333333333,CPI,2.9554140127388533,0.4,0.7,,,,,,,
10,0.5366666666666666,CPI,3.130434782608696,0.4,0.7,,,,,,,
1,0.22666666666666666,Tailored Approach,1.0,0.4,0.7,1.0,11.0,0.25,0.23333333333333334,0.2,0.518,2.2168983012744183
2,0.36666666666666664,Tailored Approach,1.3818181818181818,0.4,0.7,1.0,11.0,0.25,0.23333333333333334,0.2,0.518,2.2168983012744183
3,0.4533333333333333,Tailored Approach,1.6911764705882353,0.4,0.7,1.0,11.0,0.25,0.23333333333333334,0.2,0.518,2.2168983012744183
4,0.49333333333333335,Tailored Approach,1.8783783783783783,0.4,0.7,1.0,11.0,0.25,0.23333333333333334,0.2,0.518,2.2168983012744183
5,0.5233333333333333,Tailored Approach,2.0573248407643314,0.4,0.7,1.0,11.0,0.25,0.23333333333333334,0.2,0.518,2.2168983012744183
6,0.56,Tailored Approach,2.3154761904761907,0.4,0.7,1.0,11.0,0.25,0.23333333333333334,0.2,0.518,2.2168983012744183
7,0.61,Tailored Approach,2.699453551912568,0.4,0.7,1.0,11.0,0.25,0.23333333333333334,0.2,0.518,2.2168983012744183
8,0.6333333333333333,Tailored Approach,2.8947368421052633,0.4,0.7,1.0,11.0,0.25,0.23333333333333334,0.2,0.518,2.2168983012744183
9,0.6466666666666666,Tailored Approach,3.020618556701031,0.4,0.7,1.0,11.0,0.25,0.23333333333333334,0.2,0.518,2.2168983012744183
10,0.6666666666666666,Tailored Approach,3.23,0.4,0.7,1.0,11.0,0.25,0.23333333333333334,0.2,0.518,2.2168983012744183
1,0.18333333333333332,CPI,1.0,0.4,0.8,,,,,,,
2,0.27,CPI,1.3209876543209877,0.4,0.8,,,,,,,
3,0.32666666666666666,CPI,1.6122448979591837,0.4,0.8,,,,,,,
4,0.38,CPI,1.9473684210526316,0.4,0.8,,,,,,,
5,0.41,CPI,2.1707317073170733,0.4,0.8,,,,,,,
6,0.44,CPI,2.4318181818181817,0.4,0.8,,,,,,,
7,0.48333333333333334,CPI,2.8413793103448275,0.4,0.8,,,,,,,
8,0.51,CPI,3.111111111111111,0.4,0.8,,,,,,,
9,0.5566666666666666,CPI,3.604790419161677,0.4,0.8,,,,,,,
10,0.59,CPI,3.9661016949152543,0.4,0.8,,,,,,,
1,0.22,Tailored Approach,1.0,0.4,0.8,1.0,11.0,0.25,0.23333333333333334,0.18333333333333332,0.5133333333333333,2.229492488306214
2,0.36333333333333334,Tailored Approach,1.3944954128440368,0.4,0.8,1.0,11.0,0.25,0.23333333333333334,0.18333333333333332,0.5133333333333333,2.229492488306214
3,0.45,Tailored Approach,1.7037037037037037,0.4,0.8,1.0,11.0,0.25,0.23333333333333334,0.18333333333333332,0.5133333333333333,2.229492488306214
4,0.49,Tailored Approach,1.8911564625850341,0.4,0.8,1.0,11.0,0.25,0.23333333333333334,0.18333333333333332,0.5133333333333333,2.229492488306214
5,0.5166666666666667,Tailored Approach,2.0516129032258066,0.4,0.8,1.0,11.0,0.25,0.23333333333333334,0.18333333333333332,0.5133333333333333,2.229492488306214
6,0.5533333333333333,Tailored Approach,2.3132530120481927,0.4,0.8,1.0,11.0,0.25,0.23333333333333334,0.18333333333333332,0.5133333333333333,2.229492488306214
7,0.6033333333333334,Tailored Approach,2.701657458563536,0.4,0.8,1.0,11.0,0.25,0.23333333333333334,0.18333333333333332,0.5133333333333333,2.229492488306214
8,0.63,Tailored Approach,2.925925925925926,0.4,0.8,1.0,11.0,0.25,0.23333333333333334,0.18333333333333332,0.5133333333333333,2.229492488306214
9,0.6433333333333333,Tailored Approach,3.051813471502591,0.4,0.8,1.0,11.0,0.25,0.23333333333333334,0.18333333333333332,0.5133333333333333,2.229492488306214
10,0.6633333333333333,Tailored Approach,3.2613065326633164,0.4,0.8,1.0,11.0,0.25,0.23333333333333334,0.18333333333333332,0.5133333333333333,2.229492488306214
1,0.18333333333333332,CPI,1.0,0.4,0.75,,,,,,,
2,0.27,CPI,1.3209876543209877,0.4,0.75,,,,,,,
3,0.32666666666666666,CPI,1.6122448979591837,0.4,0.75,,,,,,,
4,0.38,CPI,1.9473684210526316,0.4,0.75,,,,,,,
5,0.41,CPI,2.1707317073170733,0.4,0.75,,,,,,,
6,0.44,CPI,2.4318181818181817,0.4,0.75,,,,,,,
7,0.48333333333333334,CPI,2.8413793103448275,0.4,0.75,,,,,,,
8,0.51,CPI,3.111111111111111,0.4,0.75,,,,,,,
9,0.5566666666666666,CPI,3.604790419161677,0.4,0.75,,,,,,,
10,0.59,CPI,3.9661016949152543,0.4,0.75,,,,,,,
1,0.22,Tailored Approach,1.0,0.4,0.75,1.0,11.0,0.25,0.23333333333333334,0.18333333333333332,0.5133333333333333,2.229492488306214
2,0.36333333333333334,Tailored Approach,1.3944954128440368,0.4,0.75,1.0,11.0,0.25,0.23333333333333334,0.18333333333333332,0.5133333333333333,2.229492488306214
3,0.45,Tailored Approach,1.7037037037037037,0.4,0.75,1.0,11.0,0.25,0.23333333333333334,0.18333333333333332,0.5133333333333333,2.229492488306214
4,0.49,Tailored Approach,1.8911564625850341,0.4,0.75,1.0,11.0,0.25,0.23333333333333334,0.18333333333333332,0.5133333333333333,2.229492488306214
5,0.5166666666666667,Tailored Approach,2.0516129032258066,0.4,0.75,1.0,11.0,0.25,0.23333333333333334,0.18333333333333332,0.5133333333333333,2.229492488306214
6,0.5533333333333333,Tailored Approach,2.3132530120481927,0.4,0.75,1.0,11.0,0.25,0.23333333333333334,0.18333333333333332,0.5133333333333333,2.229492488306214
7,0.6033333333333334,Tailored Approach,2.701657458563536,0.4,0.75,1.0,11.0,0.25,0.23333333333333334,0.18333333333333332,0.5133333333333333,2.229492488306214
8,0.63,Tailored Approach,2.925925925925926,0.4,0.75,1.0,11.0,0.25,0.23333333333333334,0.18333333333333332,0.5133333333333333,2.229492488306214
9,0.6433333333333333,Tailored Approach,3.051813471502591,0.4,0.75,1.0,11.0,0.25,0.23333333333333334,0.18333333333333332,0.5133333333333333,2.229492488306214
10,0.6633333333333333,Tailored Approach,3.2613065326633164,0.4,0.75,1.0,11.0,0.25,0.23333333333333334,0.18333333333333332,0.5133333333333333,2.229492488306214
1,0.14666666666666667,CPI,1.0,0.4,0.85,,,,,,,
2,0.24333333333333335,CPI,1.3972602739726028,0.4,0.85,,,,,,,
3,0.30333333333333334,CPI,1.7142857142857142,0.4,0.85,,,,,,,
4,0.3466666666666667,CPI,2.0,0.4,0.85,,,,,,,
5,0.38666666666666666,CPI,2.310344827586207,0.4,0.85,,,,,,,
6,0.4166666666666667,CPI,2.576,0.4,0.85,,,,,,,
7,0.43,CPI,2.7131782945736433,0.4,0.85,,,,,,,
8,0.45666666666666667,CPI,3.021897810218978,0.4,0.85,,,,,,,
9,0.48,CPI,3.3125,0.4,0.85,,,,,,,
10,0.5033333333333333,CPI,3.622516556291391,0.4,0.85,,,,,,,
1,0.22,Tailored Approach,1.0,0.4,0.85,1.0,11.0,0.25,0.23333333333333334,0.14666666666666667,0.5106666666666666,2.2174808540741626
2,0.36,Tailored Approach,1.3888888888888888,0.4,0.85,1.0,11.0,0.25,0.23333333333333334,0.14666666666666667,0.5106666666666666,2.2174808540741626
3,0.45,Tailored Approach,1.711111111111111,0.4,0.85,1.0,11.0,0.25,0.23333333333333334,0.14666666666666667,0.5106666666666666,2.2174808540741626
4,0.49,Tailored Approach,1.8979591836734695,0.4,0.85,1.0,11.0,0.25,0.23333333333333334,0.14666666666666667,0.5106666666666666,2.2174808540741626
5,0.5166666666666667,Tailored Approach,2.0580645161290323,0.4,0.85,1.0,11.0,0.25,0.23333333333333334,0.14666666666666667,0.5106666666666666,2.2174808540741626
6,0.5533333333333333,Tailored Approach,2.319277108433735,0.4,0.85,1.0,11.0,0.25,0.23333333333333334,0.14666666666666667,0.5106666666666666,2.2174808540741626
7,0.6,Tailored Approach,2.683333333333333,0.4,0.85,1.0,11.0,0.25,0.23333333333333334,0.14666666666666667,0.5106666666666666,2.2174808540741626
8,0.6233333333333333,Tailored Approach,2.8823529411764706,0.4,0.85,1.0,11.0,0.25,0.23333333333333334,0.14666666666666667,0.5106666666666666,2.2174808540741626
9,0.6366666666666667,Tailored Approach,3.0104712041884816,0.4,0.85,1.0,11.0,0.25,0.23333333333333334,0.14666666666666667,0.5106666666666666,2.2174808540741626
10,0.6566666666666666,Tailored Approach,3.2233502538071064,0.4,0.85,1.0,11.0,0.25,0.23333333333333334,0.14666666666666667,0.5106666666666666,2.2174808540741626
1,0.2,CPI,1.0,0.35,0.7,,,,,,,
2,0.3233333333333333,CPI,1.3814432989690721,0.35,0.7,,,,,,,
3,0.37333333333333335,CPI,1.5982142857142858,0.35,0.7,,,,,,,
4,0.4,CPI,1.7583333333333333,0.35,0.7,,,,,,,
5,0.43666666666666665,CPI,2.030534351145038,0.35,0.7,,,,,,,
6,0.46,CPI,2.2318840579710146,0.35,0.7,,,,,,,
7,0.47333333333333333,CPI,2.3661971830985915,0.35,0.7,,,,,,,
8,0.49666666666666665,CPI,2.6308724832214767,0.35,0.7,,,,,,,
9,0.5233333333333333,CPI,2.9554140127388533,0.35,0.7,,,,,,,
10,0.5366666666666666,CPI,3.130434782608696,0.35,0.7,,,,,,,
1,0.22666666666666666,Tailored Approach,1.0,0.35,0.7,1.0,11.0,0.25,0.23333333333333334,0.2,0.518,2.2168983012744183
2,0.36666666666666664,Tailored Approach,1.3818181818181818,0.35,0.7,1.0,11.0,0.25,0.23333333333333334,0.2,0.518,2.2168983012744183
3,0.4533333333333333,Tailored Approach,1.6911764705882353,0.35,0.7,1.0,11.0,0.25,0.23333333333333334,0.2,0.518,2.2168983012744183
4,0.49333333333333335,Tailored Approach,1.8783783783783783,0.35,0.7,1.0,11.0,0.25,0.23333333333333334,0.2,0.518,2.2168983012744183
5,0.5233333333333333,Tailored Approach,2.0573248407643314,0.35,0.7,1.0,11.0,0.25,0.23333333333333334,0.2,0.518,2.2168983012744183
6,0.56,Tailored Approach,2.3154761904761907,0.35,0.7,1.0,11.0,0.25,0.23333333333333334,0.2,0.518,2.2168983012744183
7,0.61,Tailored Approach,2.699453551912568,0.35,0.7,1.0,11.0,0.25,0.23333333333333334,0.2,0.518,2.2168983012744183
8,0.6333333333333333,Tailored Approach,2.8947368421052633,0.35,0.7,1.0,11.0,0.25,0.23333333333333334,0.2,0.518,2.2168983012744183
9,0.6466666666666666,Tailored Approach,3.020618556701031,0.35,0.7,1.0,11.0,0.25,0.23333333333333334,0.2,0.518,2.2168983012744183
10,0.6666666666666666,Tailored Approach,3.23,0.35,0.7,1.0,11.0,0.25,0.23333333333333334,0.2,0.518,2.2168983012744183
1,0.18333333333333332,CPI,1.0,0.35,0.8,,,,,,,
2,0.27,CPI,1.3209876543209877,0.35,0.8,,,,,,,
3,0.32666666666666666,CPI,1.6122448979591837,0.35,0.8,,,,,,,
4,0.38,CPI,1.9473684210526316,0.35,0.8,,,,,,,
5,0.41,CPI,2.1707317073170733,0.35,0.8,,,,,,,
6,0.44,CPI,2.4318181818181817,0.35,0.8,,,,,,,
7,0.48333333333333334,CPI,2.8413793103448275,0.35,0.8,,,,,,,
8,0.51,CPI,3.111111111111111,0.35,0.8,,,,,,,
9,0.5566666666666666,CPI,3.604790419161677,0.35,0.8,,,,,,,
10,0.59,CPI,3.9661016949152543,0.35,0.8,,,,,,,
1,0.22,Tailored Approach,1.0,0.35,0.8,1.0,11.0,0.25,0.23333333333333334,0.18333333333333332,0.5133333333333333,2.229492488306214
2,0.36333333333333334,Tailored Approach,1.3944954128440368,0.35,0.8,1.0,11.0,0.25,0.23333333333333334,0.18333333333333332,0.5133333333333333,2.229492488306214
3,0.45,Tailored Approach,1.7037037037037037,0.35,0.8,1.0,11.0,0.25,0.23333333333333334,0.18333333333333332,0.5133333333333333,2.229492488306214
4,0.49,Tailored Approach,1.8911564625850341,0.35,0.8,1.0,11.0,0.25,0.23333333333333334,0.18333333333333332,0.5133333333333333,2.229492488306214
5,0.5166666666666667,Tailored Approach,2.0516129032258066,0.35,0.8,1.0,11.0,0.25,0.23333333333333334,0.18333333333333332,0.5133333333333333,2.229492488306214
6,0.5533333333333333,Tailored Approach,2.3132530120481927,0.35,0.8,1.0,11.0,0.25,0.23333333333333334,0.18333333333333332,0.5133333333333333,2.229492488306214
7,0.6033333333333334,Tailored Approach,2.701657458563536,0.35,0.8,1.0,11.0,0.25,0.23333333333333334,0.18333333333333332,0.5133333333333333,2.229492488306214
8,0.63,Tailored Approach,2.925925925925926,0.35,0.8,1.0,11.0,0.25,0.23333333333333334,0.18333333333333332,0.5133333333333333,2.229492488306214
9,0.6433333333333333,Tailored Approach,3.051813471502591,0.35,0.8,1.0,11.0,0.25,0.23333333333333334,0.18333333333333332,0.5133333333333333,2.229492488306214
10,0.6633333333333333,Tailored Approach,3.2613065326633164,0.35,0.8,1.0,11.0,0.25,0.23333333333333334,0.18333333333333332,0.5133333333333333,2.229492488306214
1,0.18333333333333332,CPI,1.0,0.35,0.75,,,,,,,
2,0.27,CPI,1.3209876543209877,0.35,0.75,,,,,,,
3,0.32666666666666666,CPI,1.6122448979591837,0.35,0.75,,,,,,,
4,0.38,CPI,1.9473684210526316,0.35,0.75,,,,,,,
5,0.41,CPI,2.1707317073170733,0.35,0.75,,,,,,,
6,0.44,CPI,2.4318181818181817,0.35,0.75,,,,,,,
7,0.48333333333333334,CPI,2.8413793103448275,0.35,0.75,,,,,,,
8,0.51,CPI,3.111111111111111,0.35,0.75,,,,,,,
9,0.5566666666666666,CPI,3.604790419161677,0.35,0.75,,,,,,,
10,0.59,CPI,3.9661016949152543,0.35,0.75,,,,,,,
1,0.22,Tailored Approach,1.0,0.35,0.75,1.0,11.0,0.25,0.23333333333333334,0.18333333333333332,0.5133333333333333,2.229492488306214
2,0.36333333333333334,Tailored Approach,1.3944954128440368,0.35,0.75,1.0,11.0,0.25,0.23333333333333334,0.18333333333333332,0.5133333333333333,2.229492488306214
3,0.45,Tailored Approach,1.7037037037037037,0.35,0.75,1.0,11.0,0.25,0.23333333333333334,0.18333333333333332,0.5133333333333333,2.229492488306214
4,0.49,Tailored Approach,1.8911564625850341,0.35,0.75,1.0,11.0,0.25,0.23333333333333334,0.18333333333333332,0.5133333333333333,2.229492488306214
5,0.5166666666666667,Tailored Approach,2.0516129032258066,0.35,0.75,1.0,11.0,0.25,0.23333333333333334,0.18333333333333332,0.5133333333333333,2.229492488306214
6,0.5533333333333333,Tailored Approach,2.3132530120481927,0.35,0.75,1.0,11.0,0.25,0.23333333333333334,0.18333333333333332,0.5133333333333333,2.229492488306214
7,0.6033333333333334,Tailored Approach,2.701657458563536,0.35,0.75,1.0,11.0,0.25,0.23333333333333334,0.18333333333333332,0.5133333333333333,2.229492488306214
8,0.63,Tailored Approach,2.925925925925926,0.35,0.75,1.0,11.0,0.25,0.23333333333333334,0.18333333333333332,0.5133333333333333,2.229492488306214
9,0.6433333333333333,Tailored Approach,3.051813471502591,0.35,0.75,1.0,11.0,0.25,0.23333333333333334,0.18333333333333332,0.5133333333333333,2.229492488306214
10,0.6633333333333333,Tailored Approach,3.2613065326633164,0.35,0.75,1.0,11.0,0.25,0.23333333333333334,0.18333333333333332,0.5133333333333333,2.229492488306214
1,0.14666666666666667,CPI,1.0,0.35,0.85,,,,,,,
2,0.24333333333333335,CPI,1.3972602739726028,0.35,0.85,,,,,,,
3,0.30333333333333334,CPI,1.7142857142857142,0.35,0.85,,,,,,,
4,0.3466666666666667,CPI,2.0,0.35,0.85,,,,,,,
5,0.38666666666666666,CPI,2.310344827586207,0.35,0.85,,,,,,,
6,0.4166666666666667,CPI,2.576,0.35,0.85,,,,,,,
7,0.43,CPI,2.7131782945736433,0.35,0.85,,,,,,,
8,0.45666666666666667,CPI,3.021897810218978,0.35,0.85,,,,,,,
9,0.48,CPI,3.3125,0.35,0.85,,,,,,,
10,0.5033333333333333,CPI,3.622516556291391,0.35,0.85,,,,,,,
1,0.22,Tailored Approach,1.0,0.35,0.85,1.0,11.0,0.25,0.23333333333333334,0.14666666666666667,0.5106666666666666,2.2174808540741626
2,0.36,Tailored Approach,1.3888888888888888,0.35,0.85,1.0,11.0,0.25,0.23333333333333334,0.14666666666666667,0.5106666666666666,2.2174808540741626
3,0.45,Tailored Approach,1.711111111111111,0.35,0.85,1.0,11.0,0.25,0.23333333333333334,0.14666666666666667,0.5106666666666666,2.2174808540741626
4,0.49,Tailored Approach,1.8979591836734695,0.35,0.85,1.0,11.0,0.25,0.23333333333333334,0.14666666666666667,0.5106666666666666,2.2174808540741626
5,0.5166666666666667,Tailored Approach,2.0580645161290323,0.35,0.85,1.0,11.0,0.25,0.23333333333333334,0.14666666666666667,0.5106666666666666,2.2174808540741626
6,0.5533333333333333,Tailored Approach,2.319277108433735,0.35,0.85,1.0,11.0,0.25,0.23333333333333334,0.14666666666666667,0.5106666666666666,2.2174808540741626
7,0.6,Tailored Approach,2.683333333333333,0.35,0.85,1.0,11.0,0.25,0.23333333333333334,0.14666666666666667,0.5106666666666666,2.2174808540741626
8,0.6233333333333333,Tailored Approach,2.8823529411764706,0.35,0.85,1.0,11.0,0.25,0.23333333333333334,0.14666666666666667,0.5106666666666666,2.2174808540741626
9,0.6366666666666667,Tailored Approach,3.0104712041884816,0.35,0.85,1.0,11.0,0.25,0.23333333333333334,0.14666666666666667,0.5106666666666666,2.2174808540741626
10,0.6566666666666666,Tailored Approach,3.2233502538071064,0.35,0.85,1.0,11.0,0.25,0.23333333333333334,0.14666666666666667,0.5106666666666666,2.2174808540741626
1,0.23333333333333334,SPH,1.0,-1.0,-1.0,1.0,10.0,0.3,,,,
2,0.37,SPH,1.3693693693693694,-1.0,-1.0,1.0,10.0,0.3,,,,
3,0.44666666666666666,SPH,1.6492537313432836,-1.0,-1.0,1.0,10.0,0.3,,,,
4,0.49666666666666665,SPH,1.8859060402684564,-1.0,-1.0,1.0,10.0,0.3,,,,
5,0.5233333333333333,SPH,2.0445859872611467,-1.0,-1.0,1.0,10.0,0.3,,,,
6,0.56,SPH,2.3035714285714284,-1.0,-1.0,1.0,10.0,0.3,,,,
7,0.5966666666666667,SPH,2.5921787709497206,-1.0,-1.0,1.0,10.0,0.3,,,,
8,0.6233333333333333,SPH,2.823529411764706,-1.0,-1.0,1.0,10.0,0.3,,,,
9,0.64,SPH,2.984375,-1.0,-1.0,1.0,10.0,0.3,,,,
10,0.6533333333333333,SPH,3.127551020408163,-1.0,-1.0,1.0,10.0,0.3,,,,
1,0.18666666666666668,RF+B,1.0,-1.0,-1.0,1.0,10.0,,,,,
2,0.27666666666666667,RF+B,1.3253012048192772,-1.0,-1.0,1.0,10.0,,,,,
3,0.38,RF+B,1.780701754385965,-1.0,-1.0,1.0,10.0,,,,,
4,0.42333333333333334,RF+B,2.0078740157480315,-1.0,-1.0,1.0,10.0,,,,,
5,0.4766666666666667,RF+B,2.3426573426573425,-1.0,-1.0,1.0,10.0,,,,,
6,0.5133333333333333,RF+B,2.603896103896104,-1.0,-1.0,1.0,10.0,,,,,
7,0.5366666666666666,RF+B,2.7950310559006213,-1.0,-1.0,1.0,10.0,,,,,
8,0.58,RF+B,3.1839080459770117,-1.0,-1.0,1.0,10.0,,,,,
9,0.59,RF+B,3.2824858757062145,-1.0,-1.0,1.0,10.0,,,,,
10,0.61,RF+B,3.5027322404371586,-1.0,-1.0,1.0,10.0,,,,,
1,0.2,CPI,1.0,0.3,0.7,,,,,,,
2,0.3233333333333333,CPI,1.3814432989690721,0.3,0.7,,,,,,,
3,0.37333333333333335,CPI,1.5982142857142858,0.3,0.7,,,,,,,
4,0.4,CPI,1.7583333333333333,0.3,0.7,,,,,,,
5,0.43666666666666665,CPI,2.030534351145038,0.3,0.7,,,,,,,
6,0.46,CPI,2.2318840579710146,0.3,0.7,,,,,,,
7,0.47333333333333333,CPI,2.3661971830985915,0.3,0.7,,,,,,,
8,0.49666666666666665,CPI,2.6308724832214767,0.3,0.7,,,,,,,
9,0.5233333333333333,CPI,2.9554140127388533,0.3,0.7,,,,,,,
10,0.5366666666666666,CPI,3.130434782608696,0.3,0.7,,,,,,,
1,0.22666666666666666,Tailored Approach,1.0,0.3,0.7,1.0,10.0,0.3,0.23333333333333334,0.2,0.518,2.219641120332087
2,0.36666666666666664,Tailored Approach,1.3818181818181818,0.3,0.7,1.0,10.0,0.3,0.23333333333333334,0.2,0.518,2.219641120332087
3,0.45666666666666667,Tailored Approach,1.7007299270072993,0.3,0.7,1.0,10.0,0.3,0.23333333333333334,0.2,0.518,2.219641120332087
4,0.49333333333333335,Tailored Approach,1.8716216216216217,0.3,0.7,1.0,10.0,0.3,0.23333333333333334,0.2,0.518,2.219641120332087
5,0.52,Tailored Approach,2.032051282051282,0.3,0.7,1.0,10.0,0.3,0.23333333333333334,0.2,0.518,2.219641120332087
6,0.5566666666666666,Tailored Approach,2.2934131736526946,0.3,0.7,1.0,10.0,0.3,0.23333333333333334,0.2,0.518,2.219641120332087
7,0.6066666666666667,Tailored Approach,2.681318681318681,0.3,0.7,1.0,10.0,0.3,0.23333333333333334,0.2,0.518,2.219641120332087
8,0.6333333333333333,Tailored Approach,2.905263157894737,0.3,0.7,1.0,10.0,0.3,0.23333333333333334,0.2,0.518,2.219641120332087
9,0.65,Tailored Approach,3.0615384615384613,0.3,0.7,1.0,10.0,0.3,0.23333333333333334,0.2,0.518,2.219641120332087
10,0.67,Tailored Approach,3.2686567164179103,0.3,0.7,1.0,10.0,0.3,0.23333333333333334,0.2,0.518,2.219641120332087
1,0.18333333333333332,CPI,1.0,0.3,0.8,,,,,,,
2,0.27,CPI,1.3209876543209877,0.3,0.8,,,,,,,
3,0.32666666666666666,CPI,1.6122448979591837,0.3,0.8,,,,,,,
4,0.38,CPI,1.9473684210526316,0.3,0.8,,,,,,,
5,0.41,CPI,2.1707317073170733,0.3,0.8,,,,,,,
6,0.44,CPI,2.4318181818181817,0.3,0.8,,,,,,,
7,0.48333333333333334,CPI,2.8413793103448275,0.3,0.8,,,,,,,
8,0.51,CPI,3.111111111111111,0.3,0.8,,,,,,,
9,0.5566666666666666,CPI,3.604790419161677,0.3,0.8,,,,,,,
10,0.59,CPI,3.9661016949152543,0.3,0.8,,,,,,,
1,0.22,Tailored Approach,1.0,0.3,0.8,1.0,10.0,0.3,0.23333333333333334,0.18333333333333332,0.5133333333333334,2.2321592340337313
2,0.36333333333333334,Tailored Approach,1.3944954128440368,0.3,0.8,1.0,10.0,0.3,0.23333333333333334,0.18333333333333332,0.5133333333333334,2.2321592340337313
3,0.4533333333333333,Tailored Approach,1.713235294117647,0.3,0.8,1.0,10.0,0.3,0.23333333333333334,0.18333333333333332,0.5133333333333334,2.2321592340337313
4,0.49,Tailored Approach,1.8843537414965987,0.3,0.8,1.0,10.0,0.3,0.23333333333333334,0.18333333333333332,0.5133333333333334,2.2321592340337313
5,0.5133333333333333,Tailored Approach,2.0259740259740258,0.3,0.8,1.0,10.0,0.3,0.23333333333333334,0.18333333333333332,0.5133333333333334,2.2321592340337313
6,0.55,Tailored Approach,2.290909090909091,0.3,0.8,1.0,10.0,0.3,0.23333333333333334,0.18333333333333332,0.5133333333333334,2.2321592340337313
7,0.6,Tailored Approach,2.683333333333333,0.3,0.8,1.0,10.0,0.3,0.23333333333333334,0.18333333333333332,0.5133333333333334,2.2321592340337313
8,0.63,Tailored Approach,2.9365079365079363,0.3,0.8,1.0,10.0,0.3,0.23333333333333334,0.18333333333333332,0.5133333333333334,2.2321592340337313
9,0.6466666666666666,Tailored Approach,3.0927835051546393,0.3,0.8,1.0,10.0,0.3,0.23333333333333334,0.18333333333333332,0.5133333333333334,2.2321592340337313
10,0.6666666666666666,Tailored Approach,3.3,0.3,0.8,1.0,10.0,0.3,0.23333333333333334,0.18333333333333332,0.5133333333333334,2.2321592340337313
1,0.18333333333333332,CPI,1.0,0.3,0.75,,,,,,,
2,0.27,CPI,1.3209876543209877,0.3,0.75,,,,,,,
3,0.32666666666666666,CPI,1.6122448979591837,0.3,0.75,,,,,,,
4,0.38,CPI,1.9473684210526316,0.3,0.75,,,,,,,
5,0.41,CPI,2.1707317073170733,0.3,0.75,,,,,,,
6,0.44,CPI,2.4318181818181817,0.3,0.75,,,,,,,
7,0.48333333333333334,CPI,2.8413793103448275,0.3,0.75,,,,,,,
8,0.51,CPI,3.111111111111111,0.3,0.75,,,,,,,
9,0.5566666666666666,CPI,3.604790419161677,0.3,0.75,,,,,,,
10,0.59,CPI,3.9661016949152543,0.3,0.75,,,,,,,
1,0.22,Tailored Approach,1.0,0.3,0.75,1.0,10.0,0.3,0.23333333333333334,0.18333333333333332,0.5133333333333334,2.2321592340337313
2,0.36333333333333334,Tailored Approach,1.3944954128440368,0.3,0.75,1.0,10.0,0.3,0.23333333333333334,0.18333333333333332,0.5133333333333334,2.2321592340337313
3,0.4533333333333333,Tailored Approach,1.713235294117647,0.3,0.75,1.0,10.0,0.3,0.23333333333333334,0.18333333333333332,0.5133333333333334,2.2321592340337313
4,0.49,Tailored Approach,1.8843537414965987,0.3,0.75,1.0,10.0,0.3,0.23333333333333334,0.18333333333333332,0.5133333333333334,2.2321592340337313
5,0.5133333333333333,Tailored Approach,2.0259740259740258,0.3,0.75,1.0,10.0,0.3,0.23333333333333334,0.18333333333333332,0.5133333333333334,2.2321592340337313
6,0.55,Tailored Approach,2.290909090909091,0.3,0.75,1.0,10.0,0.3,0.23333333333333334,0.18333333333333332,0.5133333333333334,2.2321592340337313
7,0.6,Tailored Approach,2.683333333333333,0.3,0.75,1.0,10.0,0.3,0.23333333333333334,0.18333333333333332,0.5133333333333334,2.2321592340337313
8,0.63,Tailored Approach,2.9365079365079363,0.3,0.75,1.0,10.0,0.3,0.23333333333333334,0.18333333333333332,0.5133333333333334,2.2321592340337313
9,0.6466666666666666,Tailored Approach,3.0927835051546393,0.3,0.75,1.0,10.0,0.3,0.23333333333333334,0.18333333333333332,0.5133333333333334,2.2321592340337313
10,0.6666666666666666,Tailored Approach,3.3,0.3,0.75,1.0,10.0,0.3,0.23333333333333334,0.18333333333333332,0.5133333333333334,2.2321592340337313
1,0.14666666666666667,CPI,1.0,0.3,0.85,,,,,,,
2,0.24333333333333335,CPI,1.3972602739726028,0.3,0.85,,,,,,,
3,0.30333333333333334,CPI,1.7142857142857142,0.3,0.85,,,,,,,
4,0.3466666666666667,CPI,2.0,0.3,0.85,,,,,,,
5,0.38666666666666666,CPI,2.310344827586207,0.3,0.85,,,,,,,
6,0.4166666666666667,CPI,2.576,0.3,0.85,,,,,,,
7,0.43,CPI,2.7131782945736433,0.3,0.85,,,,,,,
8,0.45666666666666667,CPI,3.021897810218978,0.3,0.85,,,,,,,
9,0.48,CPI,3.3125,0.3,0.85,,,,,,,
10,0.5033333333333333,CPI,3.622516556291391,0.3,0.85,,,,,,,
1,0.22,Tailored Approach,1.0,0.3,0.85,1.0,10.0,0.3,0.23333333333333334,0.14666666666666667,0.5106666666666666,2.220263300978085
2,0.36,Tailored Approach,1.3888888888888888,0.3,0.85,1.0,10.0,0.3,0.23333333333333334,0.14666666666666667,0.5106666666666666,2.220263300978085
3,0.4533333333333333,Tailored Approach,1.7205882352941178,0.3,0.85,1.0,10.0,0.3,0.23333333333333334,0.14666666666666667,0.5106666666666666,2.220263300978085
4,0.49,Tailored Approach,1.8911564625850341,0.3,0.85,1.0,10.0,0.3,0.23333333333333334,0.14666666666666667,0.5106666666666666,2.220263300978085
5,0.5133333333333333,Tailored Approach,2.0324675324675323,0.3,0.85,1.0,10.0,0.3,0.23333333333333334,0.14666666666666667,0.5106666666666666,2.220263300978085
6,0.55,Tailored Approach,2.296969696969697,0.3,0.85,1.0,10.0,0.3,0.23333333333333334,0.14666666666666667,0.5106666666666666,2.220263300978085
7,0.5966666666666667,Tailored Approach,2.664804469273743,0.3,0.85,1.0,10.0,0.3,0.23333333333333334,0.14666666666666667,0.5106666666666666,2.220263300978085
8,0.6233333333333333,Tailored Approach,2.893048128342246,0.3,0.85,1.0,10.0,0.3,0.23333333333333334,0.14666666666666667,0.5106666666666666,2.220263300978085
9,0.64,Tailored Approach,3.0520833333333335,0.3,0.85,1.0,10.0,0.3,0.23333333333333334,0.14666666666666667,0.5106666666666666,2.220263300978085
10,0.66,Tailored Approach,3.2626262626262625,0.3,0.85,1.0,10.0,0.3,0.23333333333333334,0.14666666666666667,0.5106666666666666,2.220263300978085
1,0.2,CPI,1.0,0.2,0.7,,,,,,,
2,0.3233333333333333,CPI,1.3814432989690721,0.2,0.7,,,,,,,
3,0.37333333333333335,CPI,1.5982142857142858,0.2,0.7,,,,,,,
4,0.4,CPI,1.7583333333333333,0.2,0.7,,,,,,,
5,0.43666666666666665,CPI,2.030534351145038,0.2,0.7,,,,,,,
6,0.46,CPI,2.2318840579710146,0.2,0.7,,,,,,,
7,0.47333333333333333,CPI,2.3661971830985915,0.2,0.7,,,,,,,
8,0.49666666666666665,CPI,2.6308724832214767,0.2,0.7,,,,,,,
9,0.5233333333333333,CPI,2.9554140127388533,0.2,0.7,,,,,,,
10,0.5366666666666666,CPI,3.130434782608696,0.2,0.7,,,,,,,
1,0.23,Tailored Approach,1.0,0.2,0.7,1.0,10.0,0.3,0.23333333333333334,0.2,0.5113333333333332,2.215829483609857
2,0.3566666666666667,Tailored Approach,1.355140186915888,0.2,0.7,1.0,10.0,0.3,0.23333333333333334,0.2,0.5113333333333332,2.215829483609857
3,0.45,Tailored Approach,1.6962962962962962,0.2,0.7,1.0,10.0,0.3,0.23333333333333334,0.2,0.5113333333333332,2.215829483609857
4,0.4866666666666667,Tailored Approach,1.86986301369863,0.2,0.7,1.0,10.0,0.3,0.23333333333333334,0.2,0.5113333333333332,2.215829483609857
5,0.5133333333333333,Tailored Approach,2.0324675324675323,0.2,0.7,1.0,10.0,0.3,0.23333333333333334,0.2,0.5113333333333332,2.215829483609857
6,0.5533333333333333,Tailored Approach,2.319277108433735,0.2,0.7,1.0,10.0,0.3,0.23333333333333334,0.2,0.5113333333333332,2.215829483609857
7,0.5966666666666667,Tailored Approach,2.659217877094972,0.2,0.7,1.0,10.0,0.3,0.23333333333333334,0.2,0.5113333333333332,2.215829483609857
8,0.6233333333333333,Tailored Approach,2.8877005347593583,0.2,0.7,1.0,10.0,0.3,0.23333333333333334,0.2,0.5113333333333332,2.215829483609857
9,0.64,Tailored Approach,3.046875,0.2,0.7,1.0,10.0,0.3,0.23333333333333334,0.2,0.5113333333333332,2.215829483609857
10,0.6633333333333333,Tailored Approach,3.291457286432161,0.2,0.7,1.0,10.0,0.3,0.23333333333333334,0.2,0.5113333333333332,2.215829483609857
1,0.18333333333333332,CPI,1.0,0.2,0.8,,,,,,,
2,0.27,CPI,1.3209876543209877,0.2,0.8,,,,,,,
3,0.32666666666666666,CPI,1.6122448979591837,0.2,0.8,,,,,,,
4,0.38,CPI,1.9473684210526316,0.2,0.8,,,,,,,
5,0.41,CPI,2.1707317073170733,0.2,0.8,,,,,,,
6,0.44,CPI,2.4318181818181817,0.2,0.8,,,,,,,
7,0.48333333333333334,CPI,2.8413793103448275,0.2,0.8,,,,,,,
8,0.51,CPI,3.111111111111111,0.2,0.8,,,,,,,
9,0.5566666666666666,CPI,3.604790419161677,0.2,0.8,,,,,,,
10,0.59,CPI,3.9661016949152543,0.2,0.8,,,,,,,
1,0.22,Tailored Approach,1.0,0.2,0.8,1.0,10.0,0.3,0.23333333333333334,0.18333333333333332,0.5056666666666667,2.2370603294200313
2,0.35,Tailored Approach,1.3714285714285714,0.2,0.8,1.0,10.0,0.3,0.23333333333333334,0.18333333333333332,0.5056666666666667,2.2370603294200313
3,0.44333333333333336,Tailored Approach,1.7142857142857142,0.2,0.8,1.0,10.0,0.3,0.23333333333333334,0.18333333333333332,0.5056666666666667,2.2370603294200313
4,0.4866666666666667,Tailored Approach,1.917808219178082,0.2,0.8,1.0,10.0,0.3,0.23333333333333334,0.18333333333333332,0.5056666666666667,2.2370603294200313
5,0.51,Tailored Approach,2.0588235294117645,0.2,0.8,1.0,10.0,0.3,0.23333333333333334,0.18333333333333332,0.5056666666666667,2.2370603294200313
6,0.5433333333333333,Tailored Approach,2.3006134969325154,0.2,0.8,1.0,10.0,0.3,0.23333333333333334,0.18333333333333332,0.5056666666666667,2.2370603294200313
7,0.59,Tailored Approach,2.672316384180791,0.2,0.8,1.0,10.0,0.3,0.23333333333333334,0.18333333333333332,0.5056666666666667,2.2370603294200313
8,0.6166666666666667,Tailored Approach,2.902702702702703,0.2,0.8,1.0,10.0,0.3,0.23333333333333334,0.18333333333333332,0.5056666666666667,2.2370603294200313
9,0.6366666666666667,Tailored Approach,3.094240837696335,0.2,0.8,1.0,10.0,0.3,0.23333333333333334,0.18333333333333332,0.5056666666666667,2.2370603294200313
10,0.66,Tailored Approach,3.3383838383838382,0.2,0.8,1.0,10.0,0.3,0.23333333333333334,0.18333333333333332,0.5056666666666667,2.2370603294200313
1,0.18333333333333332,CPI,1.0,0.2,0.75,,,,,,,
2,0.27,CPI,1.3209876543209877,0.2,0.75,,,,,,,
3,0.32666666666666666,CPI,1.6122448979591837,0.2,0.75,,,,,,,
4,0.38,CPI,1.9473684210526316,0.2,0.75,,,,,,,
5,0.41,CPI,2.1707317073170733,0.2,0.75,,,,,,,
6,0.44,CPI,2.4318181818181817,0.2,0.75,,,,,,,
7,0.48333333333333334,CPI,2.8413793103448275,0.2,0.75,,,,,,,
8,0.51,CPI,3.111111111111111,0.2,0.75,,,,,,,
9,0.5566666666666666,CPI,3.604790419161677,0.2,0.75,,,,,,,
10,0.59,CPI,3.9661016949152543,0.2,0.75,,,,,,,
1,0.22333333333333333,Tailored Approach,1.0,0.2,0.75,1.0,10.0,0.3,0.23333333333333334,0.18333333333333332,0.5046666666666667,2.241397694991273
2,0.3466666666666667,Tailored Approach,1.3557692307692308,0.2,0.75,1.0,10.0,0.3,0.23333333333333334,0.18333333333333332,0.5046666666666667,2.241397694991273
3,0.44,Tailored Approach,1.7045454545454546,0.2,0.75,1.0,10.0,0.3,0.23333333333333334,0.18333333333333332,0.5046666666666667,2.241397694991273
4,0.48333333333333334,Tailored Approach,1.910344827586207,0.2,0.75,1.0,10.0,0.3,0.23333333333333334,0.18333333333333332,0.5046666666666667,2.241397694991273
5,0.5066666666666667,Tailored Approach,2.0526315789473686,0.2,0.75,1.0,10.0,0.3,0.23333333333333334,0.18333333333333332,0.5046666666666667,2.241397694991273
6,0.5433333333333333,Tailored Approach,2.3190184049079754,0.2,0.75,1.0,10.0,0.3,0.23333333333333334,0.18333333333333332,0.5046666666666667,2.241397694991273
7,0.59,Tailored Approach,2.689265536723164,0.2,0.75,1.0,10.0,0.3,0.23333333333333334,0.18333333333333332,0.5046666666666667,2.241397694991273
8,0.6166666666666667,Tailored Approach,2.918918918918919,0.2,0.75,1.0,10.0,0.3,0.23333333333333334,0.18333333333333332,0.5046666666666667,2.241397694991273
9,0.6366666666666667,Tailored Approach,3.1099476439790577,0.2,0.75,1.0,10.0,0.3,0.23333333333333334,0.18333333333333332,0.5046666666666667,2.241397694991273
10,0.66,Tailored Approach,3.3535353535353534,0.2,0.75,1.0,10.0,0.3,0.23333333333333334,0.18333333333333332,0.5046666666666667,2.241397694991273
1,0.14666666666666667,CPI,1.0,0.2,0.85,,,,,,,
2,0.24333333333333335,CPI,1.3972602739726028,0.2,0.85,,,,,,,
3,0.30333333333333334,CPI,1.7142857142857142,0.2,0.85,,,,,,,
4,0.3466666666666667,CPI,2.0,0.2,0.85,,,,,,,
5,0.38666666666666666,CPI,2.310344827586207,0.2,0.85,,,,,,,
6,0.4166666666666667,CPI,2.576,0.2,0.85,,,,,,,
7,0.43,CPI,2.7131782945736433,0.2,0.85,,,,,,,
8,0.45666666666666667,CPI,3.021897810218978,0.2,0.85,,,,,,,
9,0.48,CPI,3.3125,0.2,0.85,,,,,,,
10,0.5033333333333333,CPI,3.622516556291391,0.2,0.85,,,,,,,
1,0.22,Tailored Approach,1.0,0.2,0.85,1.0,10.0,0.3,0.23333333333333334,0.14666666666666667,0.5043333333333333,2.2352977858711496
2,0.3466666666666667,Tailored Approach,1.3653846153846154,0.2,0.85,1.0,10.0,0.3,0.23333333333333334,0.14666666666666667,0.5043333333333333,2.2352977858711496
3,0.44333333333333336,Tailored Approach,1.7218045112781954,0.2,0.85,1.0,10.0,0.3,0.23333333333333334,0.14666666666666667,0.5043333333333333,2.2352977858711496
4,0.4866666666666667,Tailored Approach,1.9246575342465753,0.2,0.85,1.0,10.0,0.3,0.23333333333333334,0.14666666666666667,0.5043333333333333,2.2352977858711496
5,0.51,Tailored Approach,2.065359477124183,0.2,0.85,1.0,10.0,0.3,0.23333333333333334,0.14666666666666667,0.5043333333333333,2.2352977858711496
6,0.5433333333333333,Tailored Approach,2.3067484662576687,0.2,0.85,1.0,10.0,0.3,0.23333333333333334,0.14666666666666667,0.5043333333333333,2.2352977858711496
7,0.5866666666666667,Tailored Approach,2.653409090909091,0.2,0.85,1.0,10.0,0.3,0.23333333333333334,0.14666666666666667,0.5043333333333333,2.2352977858711496
8,0.6133333333333333,Tailored Approach,2.885869565217391,0.2,0.85,1.0,10.0,0.3,0.23333333333333334,0.14666666666666667,0.5043333333333333,2.2352977858711496
9,0.6366666666666667,Tailored Approach,3.1099476439790577,0.2,0.85,1.0,10.0,0.3,0.23333333333333334,0.14666666666666667,0.5043333333333333,2.2352977858711496
10,0.6566666666666666,Tailored Approach,3.3197969543147208,0.2,0.85,1.0,10.0,0.3,0.23333333333333334,0.14666666666666667,0.5043333333333333,2.2352977858711496
1,0.2,CPI,1.0,0.4,0.7,,,,,,,
2,0.3233333333333333,CPI,1.3814432989690721,0.4,0.7,,,,,,,
3,0.37333333333333335,CPI,1.5982142857142858,0.4,0.7,,,,,,,
4,0.4,CPI,1.7583333333333333,0.4,0.7,,,,,,,
5,0.43666666666666665,CPI,2.030534351145038,0.4,0.7,,,,,,,
6,0.46,CPI,2.2318840579710146,0.4,0.7,,,,,,,
7,0.47333333333333333,CPI,2.3661971830985915,0.4,0.7,,,,,,,
8,0.49666666666666665,CPI,2.6308724832214767,0.4,0.7,,,,,,,
9,0.5233333333333333,CPI,2.9554140127388533,0.4,0.7,,,,,,,
10,0.5366666666666666,CPI,3.130434782608696,0.4,0.7,,,,,,,
1,0.22666666666666666,Tailored Approach,1.0,0.4,0.7,1.0,10.0,0.3,0.23333333333333334,0.2,0.5206666666666667,2.2197015372096156
2,0.36666666666666664,Tailored Approach,1.3818181818181818,0.4,0.7,1.0,10.0,0.3,0.23333333333333334,0.2,0.5206666666666667,2.2197015372096156
3,0.45666666666666667,Tailored Approach,1.7007299270072993,0.4,0.7,1.0,10.0,0.3,0.23333333333333334,0.2,0.5206666666666667,2.2197015372096156
4,0.49666666666666665,Tailored Approach,1.8859060402684564,0.4,0.7,1.0,10.0,0.3,0.23333333333333334,0.2,0.5206666666666667,2.2197015372096156
5,0.5266666666666666,Tailored Approach,2.0632911392405062,0.4,0.7,1.0,10.0,0.3,0.23333333333333334,0.2,0.5206666666666667,2.2197015372096156
6,0.5633333333333334,Tailored Approach,2.3195266272189348,0.4,0.7,1.0,10.0,0.3,0.23333333333333334,0.2,0.5206666666666667,2.2197015372096156
7,0.6133333333333333,Tailored Approach,2.7010869565217392,0.4,0.7,1.0,10.0,0.3,0.23333333333333334,0.2,0.5206666666666667,2.2197015372096156
8,0.6366666666666667,Tailored Approach,2.8952879581151834,0.4,0.7,1.0,10.0,0.3,0.23333333333333334,0.2,0.5206666666666667,2.2197015372096156
9,0.65,Tailored Approach,3.0205128205128204,0.4,0.7,1.0,10.0,0.3,0.23333333333333334,0.2,0.5206666666666667,2.2197015372096156
10,0.67,Tailored Approach,3.228855721393035,0.4,0.7,1.0,10.0,0.3,0.23333333333333334,0.2,0.5206666666666667,2.2197015372096156
1,0.18333333333333332,CPI,1.0,0.4,0.8,,,,,,,
2,0.27,CPI,1.3209876543209877,0.4,0.8,,,,,,,
3,0.32666666666666666,CPI,1.6122448979591837,0.4,0.8,,,,,,,
4,0.38,CPI,1.9473684210526316,0.4,0.8,,,,,,,
5,0.41,CPI,2.1707317073170733,0.4,0.8,,,,,,,
6,0.44,CPI,2.4318181818181817,0.4,0.8,,,,,,,
7,0.48333333333333334,CPI,2.8413793103448275,0.4,0.8,,,,,,,
8,0.51,CPI,3.111111111111111,0.4,0.8,,,,,,,
9,0.5566666666666666,CPI,3.604790419161677,0.4,0.8,,,,,,,
10,0.59,CPI,3.9661016949152543,0.4,0.8,,,,,,,
1,0.22,Tailored Approach,1.0,0.4,0.8,1.0,10.0,0.3,0.23333333333333334,0.18333333333333332,0.516,2.2322595817286683
2,0.36333333333333334,Tailored Approach,1.3944954128440368,0.4,0.8,1.0,10.0,0.3,0.23333333333333334,0.18333333333333332,0.516,2.2322595817286683
3,0.4533333333333333,Tailored Approach,1.713235294117647,0.4,0.8,1.0,10.0,0.3,0.23333333333333334,0.18333333333333332,0.516,2.2322595817286683
4,0.49333333333333335,Tailored Approach,1.8986486486486487,0.4,0.8,1.0,10.0,0.3,0.23333333333333334,0.18333333333333332,0.516,2.2322595817286683
5,0.52,Tailored Approach,2.0576923076923075,0.4,0.8,1.0,10.0,0.3,0.23333333333333334,0.18333333333333332,0.516,2.2322595817286683
6,0.5566666666666666,Tailored Approach,2.317365269461078,0.4,0.8,1.0,10.0,0.3,0.23333333333333334,0.18333333333333332,0.516,2.2322595817286683
7,0.6066666666666667,Tailored Approach,2.7032967032967035,0.4,0.8,1.0,10.0,0.3,0.23333333333333334,0.18333333333333332,0.516,2.2322595817286683
8,0.6333333333333333,Tailored Approach,2.9263157894736844,0.4,0.8,1.0,10.0,0.3,0.23333333333333334,0.18333333333333332,0.516,2.2322595817286683
9,0.6466666666666666,Tailored Approach,3.051546391752577,0.4,0.8,1.0,10.0,0.3,0.23333333333333334,0.18333333333333332,0.516,2.2322595817286683
10,0.6666666666666666,Tailored Approach,3.26,0.4,0.8,1.0,10.0,0.3,0.23333333333333334,0.18333333333333332,0.516,2.2322595817286683
1,0.18333333333333332,CPI,1.0,0.4,0.75,,,,,,,
2,0.27,CPI,1.3209876543209877,0.4,0.75,,,,,,,
3,0.32666666666666666,CPI,1.6122448979591837,0.4,0.75,,,,,,,
4,0.38,CPI,1.9473684210526316,0.4,0.75,,,,,,,
5,0.41,CPI,2.1707317073170733,0.4,0.75,,,,,,,
6,0.44,CPI,2.4318181818181817,0.4,0.75,,,,,,,
7,0.48333333333333334,CPI,2.8413793103448275,0.4,0.75,,,,,,,
8,0.51,CPI,3.111111111111111,0.4,0.75,,,,,,,
9,0.5566666666666666,CPI,3.604790419161677,0.4,0.75,,,,,,,
10,0.59,CPI,3.9661016949152543,0.4,0.75,,,,,,,
1,0.22,Tailored Approach,1.0,0.4,0.75,1.0,10.0,0.3,0.23333333333333334,0.18333333333333332,0.516,2.2322595817286683
2,0.36333333333333334,Tailored Approach,1.3944954128440368,0.4,0.75,1.0,10.0,0.3,0.23333333333333334,0.18333333333333332,0.516,2.2322595817286683
3,0.4533333333333333,Tailored Approach,1.713235294117647,0.4,0.75,1.0,10.0,0.3,0.23333333333333334,0.18333333333333332,0.516,2.2322595817286683
4,0.49333333333333335,Tailored Approach,1.8986486486486487,0.4,0.75,1.0,10.0,0.3,0.23333333333333334,0.18333333333333332,0.516,2.2322595817286683
5,0.52,Tailored Approach,2.0576923076923075,0.4,0.75,1.0,10.0,0.3,0.23333333333333334,0.18333333333333332,0.516,2.2322595817286683
6,0.5566666666666666,Tailored Approach,2.317365269461078,0.4,0.75,1.0,10.0,0.3,0.23333333333333334,0.18333333333333332,0.516,2.2322595817286683
7,0.6066666666666667,Tailored Approach,2.7032967032967035,0.4,0.75,1.0,10.0,0.3,0.23333333333333334,0.18333333333333332,0.516,2.2322595817286683
8,0.6333333333333333,Tailored Approach,2.9263157894736844,0.4,0.75,1.0,10.0,0.3,0.23333333333333334,0.18333333333333332,0.516,2.2322595817286683
9,0.6466666666666666,Tailored Approach,3.051546391752577,0.4,0.75,1.0,10.0,0.3,0.23333333333333334,0.18333333333333332,0.516,2.2322595817286683
10,0.6666666666666666,Tailored Approach,3.26,0.4,0.75,1.0,10.0,0.3,0.23333333333333334,0.18333333333333332,0.516,2.2322595817286683
1,0.14666666666666667,CPI,1.0,0.4,0.85,,,,,,,
2,0.24333333333333335,CPI,1.3972602739726028,0.4,0.85,,,,,,,
3,0.30333333333333334,CPI,1.7142857142857142,0.4,0.85,,,,,,,
4,0.3466666666666667,CPI,2.0,0.4,0.85,,,,,,,
5,0.38666666666666666,CPI,2.310344827586207,0.4,0.85,,,,,,,
6,0.4166666666666667,CPI,2.576,0.4,0.85,,,,,,,
7,0.43,CPI,2.7131782945736433,0.4,0.85,,,,,,,
8,0.45666666666666667,CPI,3.021897810218978,0.4,0.85,,,,,,,
9,0.48,CPI,3.3125,0.4,0.85,,,,,,,
10,0.5033333333333333,CPI,3.622516556291391,0.4,0.85,,,,,,,
1,0.22,Tailored Approach,1.0,0.4,0.85,1.0,10.0,0.3,0.23333333333333334,0.14666666666666667,0.5133333333333334,2.2203038872325473
2,0.36,Tailored Approach,1.3888888888888888,0.4,0.85,1.0,10.0,0.3,0.23333333333333334,0.14666666666666667,0.5133333333333334,2.2203038872325473
3,0.4533333333333333,Tailored Approach,1.7205882352941178,0.4,0.85,1.0,10.0,0.3,0.23333333333333334,0.14666666666666667,0.5133333333333334,2.2203038872325473
4,0.49333333333333335,Tailored Approach,1.9054054054054055,0.4,0.85,1.0,10.0,0.3,0.23333333333333334,0.14666666666666667,0.5133333333333334,2.2203038872325473
5,0.52,Tailored Approach,2.0641025641025643,0.4,0.85,1.0,10.0,0.3,0.23333333333333334,0.14666666666666667,0.5133333333333334,2.2203038872325473
6,0.5566666666666666,Tailored Approach,2.3233532934131738,0.4,0.85,1.0,10.0,0.3,0.23333333333333334,0.14666666666666667,0.5133333333333334,2.2203038872325473
7,0.6033333333333334,Tailored Approach,2.685082872928177,0.4,0.85,1.0,10.0,0.3,0.23333333333333334,0.14666666666666667,0.5133333333333334,2.2203038872325473
8,0.6266666666666667,Tailored Approach,2.882978723404255,0.4,0.85,1.0,10.0,0.3,0.23333333333333334,0.14666666666666667,0.5133333333333334,2.2203038872325473
9,0.64,Tailored Approach,3.0104166666666665,0.4,0.85,1.0,10.0,0.3,0.23333333333333334,0.14666666666666667,0.5133333333333334,2.2203038872325473
10,0.66,Tailored Approach,3.2222222222222223,0.4,0.85,1.0,10.0,0.3,0.23333333333333334,0.14666666666666667,0.5133333333333334,2.2203038872325473
1,0.2,CPI,1.0,0.35,0.7,,,,,,,
2,0.3233333333333333,CPI,1.3814432989690721,0.35,0.7,,,,,,,
3,0.37333333333333335,CPI,1.5982142857142858,0.35,0.7,,,,,,,
4,0.4,CPI,1.7583333333333333,0.35,0.7,,,,,,,
5,0.43666666666666665,CPI,2.030534351145038,0.35,0.7,,,,,,,
6,0.46,CPI,2.2318840579710146,0.35,0.7,,,,,,,
7,0.47333333333333333,CPI,2.3661971830985915,0.35,0.7,,,,,,,
8,0.49666666666666665,CPI,2.6308724832214767,0.35,0.7,,,,,,,
9,0.5233333333333333,CPI,2.9554140127388533,0.35,0.7,,,,,,,
10,0.5366666666666666,CPI,3.130434782608696,0.35,0.7,,,,,,,
1,0.22666666666666666,Tailored Approach,1.0,0.35,0.7,1.0,10.0,0.3,0.23333333333333334,0.2,0.5206666666666667,2.2197015372096156
2,0.36666666666666664,Tailored Approach,1.3818181818181818,0.35,0.7,1.0,10.0,0.3,0.23333333333333334,0.2,0.5206666666666667,2.2197015372096156
3,0.45666666666666667,Tailored Approach,1.7007299270072993,0.35,0.7,1.0,10.0,0.3,0.23333333333333334,0.2,0.5206666666666667,2.2197015372096156
4,0.49666666666666665,Tailored Approach,1.8859060402684564,0.35,0.7,1.0,10.0,0.3,0.23333333333333334,0.2,0.5206666666666667,2.2197015372096156
5,0.5266666666666666,Tailored Approach,2.0632911392405062,0.35,0.7,1.0,10.0,0.3,0.23333333333333334,0.2,0.5206666666666667,2.2197015372096156
6,0.5633333333333334,Tailored Approach,2.3195266272189348,0.35,0.7,1.0,10.0,0.3,0.23333333333333334,0.2,0.5206666666666667,2.2197015372096156
7,0.6133333333333333,Tailored Approach,2.7010869565217392,0.35,0.7,1.0,10.0,0.3,0.23333333333333334,0.2,0.5206666666666667,2.2197015372096156
8,0.6366666666666667,Tailored Approach,2.8952879581151834,0.35,0.7,1.0,10.0,0.3,0.23333333333333334,0.2,0.5206666666666667,2.2197015372096156
9,0.65,Tailored Approach,3.0205128205128204,0.35,0.7,1.0,10.0,0.3,0.23333333333333334,0.2,0.5206666666666667,2.2197015372096156
10,0.67,Tailored Approach,3.228855721393035,0.35,0.7,1.0,10.0,0.3,0.23333333333333334,0.2,0.5206666666666667,2.2197015372096156
1,0.18333333333333332,CPI,1.0,0.35,0.8,,,,,,,
2,0.27,CPI,1.3209876543209877,0.35,0.8,,,,,,,
3,0.32666666666666666,CPI,1.6122448979591837,0.35,0.8,,,,,,,
4,0.38,CPI,1.9473684210526316,0.35,0.8,,,,,,,
5,0.41,CPI,2.1707317073170733,0.35,0.8,,,,,,,
6,0.44,CPI,2.4318181818181817,0.35,0.8,,,,,,,
7,0.48333333333333334,CPI,2.8413793103448275,0.35,0.8,,,,,,,
8,0.51,CPI,3.111111111111111,0.35,0.8,,,,,,,
9,0.5566666666666666,CPI,3.604790419161677,0.35,0.8,,,,,,,
10,0.59,CPI,3.9661016949152543,0.35,0.8,,,,,,,
1,0.22,Tailored Approach,1.0,0.35,0.8,1.0,10.0,0.3,0.23333333333333334,0.18333333333333332,0.516,2.2322595817286683
2,0.36333333333333334,Tailored Approach,1.3944954128440368,0.35,0.8,1.0,10.0,0.3,0.23333333333333334,0.18333333333333332,0.516,2.2322595817286683
3,0.4533333333333333,Tailored Approach,1.713235294117647,0.35,0.8,1.0,10.0,0.3,0.23333333333333334,0.18333333333333332,0.516,2.2322595817286683
4,0.49333333333333335,Tailored Approach,1.8986486486486487,0.35,0.8,1.0,10.0,0.3,0.23333333333333334,0.18333333333333332,0.516,2.2322595817286683
5,0.52,Tailored Approach,2.0576923076923075,0.35,0.8,1.0,10.0,0.3,0.23333333333333334,0.18333333333333332,0.516,2.2322595817286683
6,0.5566666666666666,Tailored Approach,2.317365269461078,0.35,0.8,1.0,10.0,0.3,0.23333333333333334,0.18333333333333332,0.516,2.2322595817286683
7,0.6066666666666667,Tailored Approach,2.7032967032967035,0.35,0.8,1.0,10.0,0.3,0.23333333333333334,0.18333333333333332,0.516,2.2322595817286683
8,0.6333333333333333,Tailored Approach,2.9263157894736844,0.35,0.8,1.0,10.0,0.3,0.23333333333333334,0.18333333333333332,0.516,2.2322595817286683
9,0.6466666666666666,Tailored Approach,3.051546391752577,0.35,0.8,1.0,10.0,0.3,0.23333333333333334,0.18333333333333332,0.516,2.2322595817286683
10,0.6666666666666666,Tailored Approach,3.26,0.35,0.8,1.0,10.0,0.3,0.23333333333333334,0.18333333333333332,0.516,2.2322595817286683
1,0.18333333333333332,CPI,1.0,0.35,0.75,,,,,,,
2,0.27,CPI,1.3209876543209877,0.35,0.75,,,,,,,
3,0.32666666666666666,CPI,1.6122448979591837,0.35,0.75,,,,,,,
4,0.38,CPI,1.9473684210526316,0.35,0.75,,,,,,,
5,0.41,CPI,2.1707317073170733,0.35,0.75,,,,,,,
6,0.44,CPI,2.4318181818181817,0.35,0.75,,,,,,,
7,0.48333333333333334,CPI,2.8413793103448275,0.35,0.75,,,,,,,
8,0.51,CPI,3.111111111111111,0.35,0.75,,,,,,,
9,0.5566666666666666,CPI,3.604790419161677,0.35,0.75,,,,,,,
10,0.59,CPI,3.9661016949152543,0.35,0.75,,,,,,,
1,0.22,Tailored Approach,1.0,0.35,0.75,1.0,10.0,0.3,0.23333333333333334,0.18333333333333332,0.516,2.2322595817286683
2,0.36333333333333334,Tailored Approach,1.3944954128440368,0.35,0.75,1.0,10.0,0.3,0.23333333333333334,0.18333333333333332,0.516,2.2322595817286683
3,0.4533333333333333,Tailored Approach,1.713235294117647,0.35,0.75,1.0,10.0,0.3,0.23333333333333334,0.18333333333333332,0.516,2.2322595817286683
4,0.49333333333333335,Tailored Approach,1.8986486486486487,0.35,0.75,1.0,10.0,0.3,0.23333333333333334,0.18333333333333332,0.516,2.2322595817286683
5,0.52,Tailored Approach,2.0576923076923075,0.35,0.75,1.0,10.0,0.3,0.23333333333333334,0.18333333333333332,0.516,2.2322595817286683
6,0.5566666666666666,Tailored Approach,2.317365269461078,0.35,0.75,1.0,10.0,0.3,0.23333333333333334,0.18333333333333332,0.516,2.2322595817286683
7,0.6066666666666667,Tailored Approach,2.7032967032967035,0.35,0.75,1.0,10.0,0.3,0.23333333333333334,0.18333333333333332,0.516,2.2322595817286683
8,0.6333333333333333,Tailored Approach,2.9263157894736844,0.35,0.75,1.0,10.0,0.3,0.23333333333333334,0.18333333333333332,0.516,2.2322595817286683
9,0.6466666666666666,Tailored Approach,3.051546391752577,0.35,0.75,1.0,10.0,0.3,0.23333333333333334,0.18333333333333332,0.516,2.2322595817286683
10,0.6666666666666666,Tailored Approach,3.26,0.35,0.75,1.0,10.0,0.3,0.23333333333333334,0.18333333333333332,0.516,2.2322595817286683
1,0.14666666666666667,CPI,1.0,0.35,0.85,,,,,,,
2,0.24333333333333335,CPI,1.3972602739726028,0.35,0.85,,,,,,,
3,0.30333333333333334,CPI,1.7142857142857142,0.35,0.85,,,,,,,
4,0.3466666666666667,CPI,2.0,0.35,0.85,,,,,,,
5,0.38666666666666666,CPI,2.310344827586207,0.35,0.85,,,,,,,
6,0.4166666666666667,CPI,2.576,0.35,0.85,,,,,,,
7,0.43,CPI,2.7131782945736433,0.35,0.85,,,,,,,
8,0.45666666666666667,CPI,3.021897810218978,0.35,0.85,,,,,,,
9,0.48,CPI,3.3125,0.35,0.85,,,,,,,
10,0.5033333333333333,CPI,3.622516556291391,0.35,0.85,,,,,,,
1,0.22,Tailored Approach,1.0,0.35,0.85,1.0,10.0,0.3,0.23333333333333334,0.14666666666666667,0.5133333333333334,2.2203038872325473
2,0.36,Tailored Approach,1.3888888888888888,0.35,0.85,1.0,10.0,0.3,0.23333333333333334,0.14666666666666667,0.5133333333333334,2.2203038872325473
3,0.4533333333333333,Tailored Approach,1.7205882352941178,0.35,0.85,1.0,10.0,0.3,0.23333333333333334,0.14666666666666667,0.5133333333333334,2.2203038872325473
4,0.49333333333333335,Tailored Approach,1.9054054054054055,0.35,0.85,1.0,10.0,0.3,0.23333333333333334,0.14666666666666667,0.5133333333333334,2.2203038872325473
5,0.52,Tailored Approach,2.0641025641025643,0.35,0.85,1.0,10.0,0.3,0.23333333333333334,0.14666666666666667,0.5133333333333334,2.2203038872325473
6,0.5566666666666666,Tailored Approach,2.3233532934131738,0.35,0.85,1.0,10.0,0.3,0.23333333333333334,0.14666666666666667,0.5133333333333334,2.2203038872325473
7,0.6033333333333334,Tailored Approach,2.685082872928177,0.35,0.85,1.0,10.0,0.3,0.23333333333333334,0.14666666666666667,0.5133333333333334,2.2203038872325473
8,0.6266666666666667,Tailored Approach,2.882978723404255,0.35,0.85,1.0,10.0,0.3,0.23333333333333334,0.14666666666666667,0.5133333333333334,2.2203038872325473
9,0.64,Tailored Approach,3.0104166666666665,0.35,0.85,1.0,10.0,0.3,0.23333333333333334,0.14666666666666667,0.5133333333333334,2.2203038872325473
10,0.66,Tailored Approach,3.2222222222222223,0.35,0.85,1.0,10.0,0.3,0.23333333333333334,0.14666666666666667,0.5133333333333334,2.2203038872325473
